Source,Target,Type,disaster_count,Weight,disaster_ratio
#039,#039,Undirected,1,1,1.0
#06,#09,Undirected,0,1,0.0
#06,#24,Undirected,0,1,0.0
#1,#cantwaittoplayinminneapolis,Undirected,0,1,0.0
#22days,#wdym,Undirected,0,1,0.0
#24,#09,Undirected,0,1,0.0
#263chat,#twimbos,Undirected,1,1,1.0
#2a,#prepper,Undirected,0,1,0.0
#7,#fashion,Undirected,0,4,0.0
#7,#mayhem,Undirected,0,4,0.0
#7,#models,Undirected,0,4,0.0
#7,#ramag,Undirected,0,4,0.0
#9,#jonathanferrell,Undirected,1,2,0.5
#9,#kerricktrial,Undirected,1,2,0.5
#911,#sirens,Undirected,1,1,1.0
#911,#summertime,Undirected,1,1,1.0
#abbott,#auspol,Undirected,0,1,0.0
#abbott,#bronwynbishop,Undirected,0,1,0.0
#abbott,#choppergate,Undirected,0,1,0.0
#abbott,#lnp,Undirected,0,1,0.0
#abc,#an247,Undirected,1,1,1.0
#abc,#bbc,Undirected,1,1,1.0
#abc,#cbs,Undirected,1,1,1.0
#abc,#cnn,Undirected,1,1,1.0
#abc,#news,Undirected,1,1,1.0
#abc,#wpo,Undirected,1,1,1.0
#abc,#wsj,Undirected,1,1,1.0
#abc7eyewitness,#hometownglory,Undirected,0,1,0.0
#abcnews,#world,Undirected,1,1,1.0
#ableg,#cdnpoli,Undirected,1,1,1.0
#abomb,#bbc,Undirected,1,1,1.0
#abomb,#cnv,Undirected,1,1,1.0
#abomb,#hiroshima,Undirected,1,1,1.0
#abomb,#survived,Undirected,1,1,1.0
#abstorm,#alberta,Undirected,1,1,1.0
#abstorm,#calgary,Undirected,2,2,1.0
#abstorm,#captureyyc,Undirected,1,1,1.0
#abstorm,#hail,Undirected,1,1,1.0
#abstorm,#haildamage,Undirected,1,1,1.0
#abstorm,#hailstorm,Undirected,1,1,1.0
#abstorm,#iamdowntown,Undirected,1,1,1.0
#abstorm,#sto,Undirected,1,1,1.0
#abstorm,#yyc,Undirected,2,2,1.0
#abstorm,#yycweather,Undirected,1,1,1.0
#accident,#boing,Undirected,1,1,1.0
#accident,#carfest,Undirected,1,1,1.0
#accident,#freaky,Undirected,1,1,1.0
#accident,#g90,Undirected,1,1,1.0
#accident,#jetengine,Undirected,1,1,1.0
#accident,#turbojet,Undirected,1,1,1.0
#accident,#watchthevideo,Undirected,1,1,1.0
#adani,#modi,Undirected,0,1,0.0
#adjust,#shape,Undirected,1,1,1.0
#adjust,#shoe,Undirected,1,1,1.0
#adult,#sex,Undirected,0,1,0.0
#adult,#tube,Undirected,0,1,0.0
#aeroplane,#accident,Undirected,1,1,1.0
#aeroplane,#freaky,Undirected,1,1,1.0
#aeroplane,#runway,Undirected,1,1,1.0
#aerospace,#exec,Undirected,1,1,1.0
#afghanistan,#2015,Undirected,1,1,1.0
#afp,#guardian,Undirected,1,1,1.0
#afp,#nytimes,Undirected,1,1,1.0
#afp,#wps,Undirected,1,1,1.0
#africa,#ap,Undirected,3,3,1.0
#africa,#au,Undirected,1,1,1.0
#africa,#bjp,Undirected,3,3,1.0
#africa,#ca,Undirected,1,1,1.0
#africa,#de,Undirected,1,1,1.0
#africa,#jp,Undirected,1,1,1.0
#africa,#news,Undirected,5,5,1.0
#africa,#nri,Undirected,3,3,1.0
#africa,#tdp,Undirected,3,3,1.0
#africa,#trs,Undirected,3,3,1.0
#africa,#ts,Undirected,3,3,1.0
#africansinsf,#beyondgps,Undirected,0,1,0.0
#afterhaiyan,#disaster,Undirected,1,1,1.0
#afterhaiyan,#disasterrecovery,Undirected,1,1,1.0
#afterhaiyan,#haiyan,Undirected,1,1,1.0
#afterhaiyan,#livelihood,Undirected,1,1,1.0
#afterhaiyan,#philippines,Undirected,1,1,1.0
#afterhaiyan,#yolandaph,Undirected,1,1,1.0
#afterlife,#islam,Undirected,0,2,0.0
#age,#news,Undirected,0,1,0.0
#aircraft,#accident,Undirected,2,2,1.0
#aircraft,#aeroplane,Undirected,1,1,1.0
#aircraft,#airplane,Undirected,1,1,1.0
#aircraft,#carfest,Undirected,1,1,1.0
#aircraft,#death,Undirected,1,1,1.0
#aircraft,#freaky,Undirected,1,1,1.0
#aircraft,#pilot,Undirected,1,1,1.0
#aircraft,#runway,Undirected,1,1,1.0
#airplane,#accident,Undirected,3,3,1.0
#airplane,#aeroplane,Undirected,1,1,1.0
#airplane,#aircraft,Undirected,1,1,1.0
#airplane,#boing,Undirected,1,1,1.0
#airplane,#carfest,Undirected,1,1,1.0
#airplane,#death,Undirected,1,1,1.0
#airplane,#freaky,Undirected,1,1,1.0
#airplane,#g90,Undirected,1,1,1.0
#airplane,#jetengine,Undirected,1,1,1.0
#airplane,#pilot,Undirected,1,1,1.0
#airplane,#runway,Undirected,1,1,1.0
#airplane,#turbojet,Undirected,1,1,1.0
#airport,#accident,Undirected,1,1,1.0
#airport,#aeroplane,Undirected,1,1,1.0
#airport,#aircraft,Undirected,1,1,1.0
#airport,#airplane,Undirected,1,1,1.0
#airport,#freaky,Undirected,1,1,1.0
#airport,#runway,Undirected,1,1,1.0
#alameda,#coke,Undirected,1,1,1.0
#alaska,#protectdenaliwolves,Undirected,0,1,0.0
#alaska,#wildfires,Undirected,1,1,1.0
#alaskaseafood,#askforalaska,Undirected,0,1,0.0
#albany,#news,Undirected,1,1,1.0
#albany,#ny,Undirected,1,1,1.0
#alberta,#sto,Undirected,1,1,1.0
#allah,#avalanche,Undirected,1,1,1.0
#allah,#emsc,Undirected,1,1,1.0
#allah,#forever,Undirected,1,3,0.3333333333333333
#allah,#france,Undirected,1,1,1.0
#allah,#hellfire,Undirected,1,3,0.3333333333333333
#allah,#islam,Undirected,1,1,1.0
#allah,#landslide,Undirected,1,1,1.0
#allah,#reflect,Undirected,1,3,0.3333333333333333
#allah,#sinkhole,Undirected,1,1,1.0
#allah,#uk,Undirected,1,1,1.0
#allah,#usa,Undirected,1,1,1.0
#allah,#usgs,Undirected,1,1,1.0
#allah,#wealth,Undirected,1,3,0.3333333333333333
#alllivesmatter,#blacklivesmatter,Undirected,0,1,0.0
#allthekidneybeansandsorbet4misha,#yes,Undirected,0,1,0.0
#alps,#landslide,Undirected,1,1,1.0
#alrasyid448iturasya,#roh3smantibatam,Undirected,0,1,0.0
#alrasyid448iturasya,#us,Undirected,0,1,0.0
#alt,#comingsoon,Undirected,1,1,1.0
#alt,#electro,Undirected,1,1,1.0
#alt,#rock,Undirected,1,1,1.0
#amageddon,#business,Undirected,1,1,1.0
#amageddon,#freespeech,Undirected,1,2,0.5
#amazon,#adjust,Undirected,1,1,1.0
#amazon,#foot,Undirected,1,1,1.0
#amazon,#shape,Undirected,1,1,1.0
#amazon,#shoe,Undirected,1,1,1.0
#amicospizzato,#seeyouatamicos,Undirected,0,1,0.0
#amsterdam,#news,Undirected,1,1,1.0
#anchorage,#jobs,Undirected,0,1,0.0
#android,#androidgames,Undirected,0,1,0.0
#android,#gameinsight,Undirected,0,1,0.0
#androidgames,#gameinsight,Undirected,0,1,0.0
#animals,#puppy,Undirected,0,1,0.0
#annonymous,#guardian,Undirected,1,1,1.0
#annonymous,#nytimes,Undirected,1,1,1.0
#annonymous,#reuters,Undirected,1,1,1.0
#anonymous,#nytimes,Undirected,1,1,1.0
#anthrax,#bioterrorism,Undirected,1,1,1.0
#anti,#act,Undirected,0,1,0.0
#aogashima,#japan,Undirected,1,1,1.0
#aogashima,#photography,Undirected,1,1,1.0
#aogashima,#volcano,Undirected,1,1,1.0
#aoms,#bookboost,Undirected,2,3,0.6666666666666666
#aoms,#ibooklove,Undirected,2,3,0.6666666666666666
#ap,#bjp,Undirected,3,3,1.0
#ap,#news,Undirected,3,3,1.0
#ap,#nri,Undirected,3,3,1.0
#ap,#tdp,Undirected,3,3,1.0
#ap,#trs,Undirected,3,3,1.0
#ap,#ts,Undirected,3,3,1.0
#apocalypse,#1008pla,Undirected,0,1,0.0
#apocalypse,#1008planet,Undirected,0,1,0.0
#apocalypse,#armageddon,Undirected,0,2,0.0
#apple,#mobile,Undirected,1,1,1.0
#appy,#hiroshima,Undirected,1,1,1.0
#ar,#nc,Undirected,2,2,1.0
#ar,#ok,Undirected,2,2,1.0
#archipelagowolves,#extinction,Undirected,1,1,1.0
#archipelagowolves,#standforwolves,Undirected,1,1,1.0
#arizona,#realestate,Undirected,0,1,0.0
#arkansas,#nola,Undirected,1,1,1.0
#armageddon,#1008pla,Undirected,0,1,0.0
#armageddon,#1008planet,Undirected,0,1,0.0
#arsonist,#2minutemix,Undirected,1,1,1.0
#arsonist,#headlines,Undirected,1,1,1.0
#arsonist,#nightbeat,Undirected,1,1,1.0
#art,#0215,Undirected,0,1,0.0
#art,#music,Undirected,0,1,0.0
#art,#painting,Undirected,0,1,0.0
#art,#photography,Undirected,0,1,0.0
#art,#tree,Undirected,1,2,0.5
#art,#treeporn,Undirected,1,2,0.5
#art,#treescape,Undirected,0,1,0.0
#artectura,#music,Undirected,0,1,0.0
#artectura,#nå¼36,Undirected,0,1,0.0
#artectura,#playlist,Undirected,0,1,0.0
#artectura,#pop2015,Undirected,0,1,0.0
#artectura,#youtube,Undirected,0,1,0.0
#artisteoftheweekfact,#clubbanger,Undirected,0,1,0.0
#artisteoftheweekfact,#coast2coastdjs,Undirected,0,1,0.0
#artisteoftheweekfact,#conversations,Undirected,0,1,0.0
#artisteoftheweekfact,#hiphop,Undirected,0,1,0.0
#artisteoftheweekfact,#jiwonle,Undirected,0,1,0.0
#asae15,#assnchat,Undirected,0,1,0.0
#asap,#iwontmakeit,Undirected,0,1,0.0
#ashes2015,#engvaus,Undirected,0,1,0.0
#ashville,#traffic,Undirected,1,1,1.0
#asia,#bangladesh,Undirected,1,1,1.0
#asia,#komen,Undirected,1,1,1.0
#asia,#programs,Undirected,1,1,1.0
#asian,#nude,Undirected,0,1,0.0
#askcharley,#emmerdale,Undirected,0,1,0.0
#ass,#asian,Undirected,0,1,0.0
#ass,#boobs,Undirected,0,1,0.0
#ass,#nude,Undirected,0,1,0.0
#astrology,#1008pla,Undirected,0,1,0.0
#astrology,#1008planet,Undirected,0,1,0.0
#astrology,#apocalypse,Undirected,0,2,0.0
#astrology,#armageddon,Undirected,0,2,0.0
#astrology,#lotz,Undirected,0,2,0.0
#astrology,#rtrrt,Undirected,0,2,0.0
#atk,#atk,Undirected,0,1,0.0
#atk,#letsfootball,Undirected,0,2,0.0
#atlanta,#casper,Undirected,3,3,1.0
#atlanta,#iraq,Undirected,1,1,1.0
#atombomb,#japan,Undirected,1,1,1.0
#au,#jp,Undirected,1,1,1.0
#auction,#shoes,Undirected,0,1,0.0
#australia,#hiroshima,Undirected,1,1,1.0
#australia,#japan,Undirected,1,1,1.0
#australia,#mh370,Undirected,1,1,1.0
#australia,#news,Undirected,2,2,1.0
#author,#gravity,Undirected,0,1,0.0
#author,#interview,Undirected,0,1,0.0
#author,#military,Undirected,0,1,0.0
#author,#mom,Undirected,0,1,0.0
#author,#talkradio,Undirected,0,1,0.0
#autism,#specialneeds,Undirected,0,1,0.0
#autoinsurance,#driverlesscars,Undirected,0,1,0.0
#autoinsurance,#healthinsurance,Undirected,1,1,1.0
#autoinsurance,#markets,Undirected,0,1,0.0
#autoinsurance,#money,Undirected,0,1,0.0
#avalanche,#emsc,Undirected,1,1,1.0
#avalanche,#france,Undirected,1,1,1.0
#avalanche,#hockey,Undirected,0,1,0.0
#avalanche,#nhl,Undirected,0,1,0.0
#avalanche,#uk,Undirected,1,1,1.0
#avalanche,#usa,Undirected,1,1,1.0
#avalanche,#usgs,Undirected,1,1,1.0
#avigdorliberman,#susiya,Undirected,1,1,1.0
#ayekoradio,#ccmusic,Undirected,0,1,0.0
#ayekoradio,#electronicmusic,Undirected,0,1,0.0
#ayekoradio,#listen,Undirected,0,1,0.0
#ayekoradio,#netlabel,Undirected,0,1,0.0
#ayekoradio,#radio,Undirected,0,1,0.0
#az,#tantonationalforest,Undirected,0,1,0.0
#az,#wildhorses,Undirected,0,1,0.0
#b2b,#b2bagency,Undirected,0,1,0.0
#b2b,#contentmarketing,Undirected,0,1,0.0
#b2bagency,#contentmarketing,Undirected,0,1,0.0
#baby,#lava,Undirected,0,1,0.0
#baby,#parents,Undirected,0,1,0.0
#baby,#swim,Undirected,0,1,0.0
#baby,#waterboarding,Undirected,0,1,0.0
#backtoback,#chargedup,Undirected,1,1,1.0
#badchoices,#bantrophyhunting,Undirected,1,1,1.0
#badkitty,#thisiswhywecanthavenicethings,Undirected,0,1,0.0
#bakeofffriends,#gbbo,Undirected,0,1,0.0
#baking,#cakes,Undirected,0,1,0.0
#baltimore,#rioting,Undirected,1,2,0.5
#baltimore,#undergroundrailraod,Undirected,1,2,0.5
#baltimore,#yahistorical,Undirected,1,2,0.5
#ban,#humanconsumption,Undirected,2,3,0.6666666666666666
#bangalore,#in,Undirected,0,1,0.0
#bangalore,#startups,Undirected,0,1,0.0
#bangladesh,#komen,Undirected,1,1,1.0
#bangladesh,#programs,Undirected,1,1,1.0
#bangladesh,#worldvision,Undirected,1,1,1.0
#bangladeshaffected,#bangladeshflood,Undirected,1,1,1.0
#banking,#bitcoing,Undirected,1,1,1.0
#banking,#blockchain,Undirected,1,1,1.0
#banking,#tech,Undirected,1,1,1.0
#banksy,#happy,Undirected,0,1,0.0
#banksy,#mybabies,Undirected,0,1,0.0
#bayarea,#traffic,Undirected,1,1,1.0
#bayonets,#evilempire,Undirected,0,1,0.0
#bayonets,#jadehelm15,Undirected,0,1,0.0
#bbc,#cnn,Undirected,5,8,0.625
#bbc,#cnv,Undirected,1,1,1.0
#bbc,#god,Undirected,4,7,0.5714285714285714
#bbc,#isis,Undirected,4,7,0.5714285714285714
#bbc,#islam,Undirected,4,7,0.5714285714285714
#bbc,#lies,Undirected,4,7,0.5714285714285714
#bbc,#news,Undirected,1,1,1.0
#bbc,#quran,Undirected,4,7,0.5714285714285714
#bbc,#survived,Undirected,1,1,1.0
#bbc,#terrorism,Undirected,4,7,0.5714285714285714
#bbc,#truth,Undirected,4,7,0.5714285714285714
#bbc,#wpo,Undirected,1,1,1.0
#bbc,#wsj,Undirected,1,1,1.0
#bbshelli,#bb17,Undirected,0,1,0.0
#bbsnews,#israel,Undirected,1,1,1.0
#bbsnews,#palestine,Undirected,1,1,1.0
#bcpoli,#canpoli,Undirected,1,1,1.0
#bcpoli,#vanpoli,Undirected,1,1,1.0
#benediction,#sanelesstheory,Undirected,0,1,0.0
#bigbrother,#ch4,Undirected,0,1,0.0
#billings,#cheyenne,Undirected,2,2,1.0
#billings,#rapidcity,Undirected,2,2,1.0
#billings,#seattle,Undirected,2,2,1.0
#bioterror,#gopdebate,Undirected,0,1,0.0
#bioterror,#rickperry,Undirected,2,3,0.6666666666666666
#bioterrorism,#ebola,Undirected,0,1,0.0
#bioterrorism,#glanders,Undirected,1,1,1.0
#bioterrorism,#infectious,Undirected,0,1,0.0
#bitcoin,#freebitcoin,Undirected,0,1,0.0
#bitcoin,#hangout,Undirected,0,1,0.0
#bitcoing,#blockchain,Undirected,1,1,1.0
#biztip,#solar,Undirected,1,1,1.0
#blackinamerica,#growingupblack,Undirected,0,1,0.0
#blackpool,#beclearoncancer,Undirected,2,2,1.0
#bloodymonday,#tvshowtime,Undirected,0,1,0.0
#bluehand,#pjnet,Undirected,1,1,1.0
#body,#jobs,Undirected,0,1,0.0
#body,#shop,Undirected,0,1,0.0
#body,#vancouver,Undirected,0,1,0.0
#boing,#g90,Undirected,1,1,1.0
#boobs,#asian,Undirected,0,1,0.0
#boobs,#nude,Undirected,0,1,0.0
#bookmobile,#libraries,Undirected,0,1,0.0
#bookmobile,#reading,Undirected,0,1,0.0
#books,#thebachelorette,Undirected,0,1,0.0
#borderlands,#borderlands2,Undirected,0,1,0.0
#borderlands,#ftw,Undirected,0,1,0.0
#borderlands,#oocvg,Undirected,0,1,0.0
#borderlands2,#ftw,Undirected,0,1,0.0
#borderlands2,#oocvg,Undirected,0,1,0.0
#bored,#badkitty,Undirected,0,1,0.0
#bored,#cats,Undirected,0,1,0.0
#bored,#destruction,Undirected,0,1,0.0
#bored,#thisiswhywecanthavenicethings,Undirected,0,1,0.0
#borrowers,#catastrophe,Undirected,0,1,0.0
#borrowers,#interest,Undirected,0,1,0.0
#boston,#hailstorm,Undirected,3,3,1.0
#boy,#mix,Undirected,1,1,1.0
#boy,#preparedness,Undirected,1,1,1.0
#breaking,#hagerstown,Undirected,1,1,1.0
#breaking,#la,Undirected,1,1,1.0
#breaking,#news,Undirected,2,2,1.0
#breaking,#roosevelt,Undirected,1,1,1.0
#breaking,#whag,Undirected,1,1,1.0
#breaking144,#acenewsdesk,Undirected,1,1,1.0
#brics,#roberts,Undirected,1,1,1.0
#brics,#russia,Undirected,1,1,1.0
#britishbakeoff,#paulhollywood,Undirected,0,1,0.0
#brixton,#banksy,Undirected,0,1,0.0
#brixton,#happy,Undirected,0,1,0.0
#brixton,#mybabies,Undirected,0,1,0.0
#brochure,#bomb,Undirected,0,1,0.0
#bronwynbishop,#auspol,Undirected,0,1,0.0
#brucewillis,#auction,Undirected,0,1,0.0
#brucewillis,#dvd,Undirected,0,1,0.0
#brucewillis,#ebay,Undirected,0,1,0.0
#bts,#avalanche,Undirected,0,1,0.0
#burnaby,#changefortheworse,Undirected,0,1,0.0
#burnfat,#skinny,Undirected,0,1,0.0
#burnfat,#workout,Undirected,0,1,0.0
#bush,#abc,Undirected,1,1,1.0
#bush,#bbc,Undirected,1,1,1.0
#bush,#cbs,Undirected,1,1,1.0
#bush,#cnn,Undirected,1,1,1.0
#bush,#gop,Undirected,1,1,1.0
#bush,#wpo,Undirected,1,1,1.0
#bush,#wsj,Undirected,1,1,1.0
#ca,#au,Undirected,1,1,1.0
#ca,#co,Undirected,1,1,1.0
#ca,#jp,Undirected,1,1,1.0
#ca,#nv,Undirected,1,1,1.0
#ca,#or,Undirected,1,1,1.0
#ca,#ut,Undirected,1,1,1.0
#cadrought,#lakeisabella,Undirected,0,1,0.0
#cafire,#wildfires,Undirected,1,1,1.0
#calgary,#alberta,Undirected,1,1,1.0
#calgary,#captureyyc,Undirected,1,1,1.0
#calgary,#crazyweather,Undirected,1,1,1.0
#calgary,#hailstorm,Undirected,1,1,1.0
#calgary,#iamdowntown,Undirected,1,1,1.0
#calgary,#sto,Undirected,1,1,1.0
#calgary,#yyc,Undirected,1,1,1.0
#california,#banksy,Undirected,0,1,0.0
#california,#brixton,Undirected,0,1,0.0
#california,#climate,Undirected,1,1,1.0
#california,#drought,Undirected,1,1,1.0
#california,#energy,Undirected,1,1,1.0
#california,#happy,Undirected,0,1,0.0
#california,#mybabies,Undirected,0,1,0.0
#california,#nuclear,Undirected,1,1,1.0
#california,#pitmix,Undirected,0,1,0.0
#california,#puppy,Undirected,0,1,0.0
#california,#rescued,Undirected,0,1,0.0
#california,#sanonofre,Undirected,1,1,1.0
#california,#wild,Undirected,1,1,1.0
#california,#wildfire,Undirected,1,1,1.0
#cambridge,#opp,Undirected,1,1,1.0
#camera,#0215,Undirected,0,1,0.0
#camera,#art,Undirected,0,1,0.0
#camera,#photography,Undirected,0,1,0.0
#cameroon,#africa,Undirected,1,1,1.0
#cameroon,#au,Undirected,1,1,1.0
#cameroon,#ca,Undirected,1,1,1.0
#cameroon,#de,Undirected,1,1,1.0
#cameroon,#es,Undirected,1,1,1.0
#cameroon,#fr,Undirected,1,1,1.0
#cameroon,#jp,Undirected,1,1,1.0
#cameroon,#nigeria,Undirected,1,1,1.0
#cameroon,#uk,Undirected,1,1,1.0
#cameroon,#usa,Undirected,1,1,1.0
#cameroon,#whitehouse,Undirected,1,1,1.0
#cannabis,#marijuana,Undirected,0,1,0.0
#canonbringit,#canontattoo,Undirected,0,1,0.0
#canonbringit,#fire,Undirected,0,1,0.0
#canonbringit,#mn,Undirected,0,1,0.0
#canonbringit,#theresmorewherethatcamefrom,Undirected,0,1,0.0
#canontattoo,#mn,Undirected,0,1,0.0
#canontattoo,#theresmorewherethatcamefrom,Undirected,0,1,0.0
#canpoli,#vanpoli,Undirected,1,1,1.0
#cantmakeitup,#patriotsnation,Undirected,0,1,0.0
#capeann,#seagulls,Undirected,1,1,1.0
#capeann,#triciaoneill,Undirected,1,1,1.0
#capeann,#triciaoneillphoto,Undirected,1,1,1.0
#captureyyc,#alberta,Undirected,1,1,1.0
#captureyyc,#sto,Undirected,1,1,1.0
#care,#chester,Undirected,0,1,0.0
#carlilescanoelivery,#lovemyjob,Undirected,0,1,0.0
#casper,#iraq,Undirected,1,1,1.0
#casualty,#aids,Undirected,0,1,0.0
#catastrophe,#results,Undirected,0,1,0.0
#catastrophic,#jobs,Undirected,0,1,0.0
#cats,#badkitty,Undirected,0,1,0.0
#cats,#destruction,Undirected,0,1,0.0
#cats,#thisiswhywecanthavenicethings,Undirected,0,1,0.0
#catsofinstagram,#dagens,Undirected,0,1,0.0
#catsofinstagram,#dumle,Undirected,0,1,0.0
#catsofinstagram,#katt,Undirected,0,1,0.0
#catsofinstagram,#katterpì,Undirected,0,1,0.0
#catsofinstagram,#summerinsweden,Undirected,0,1,0.0
#cbs,#bbc,Undirected,1,1,1.0
#cbs,#cnn,Undirected,1,1,1.0
#cbs,#wpo,Undirected,1,1,1.0
#cbs,#wsj,Undirected,1,1,1.0
#ccot,#radiation,Undirected,0,1,0.0
#ccot,#tcot,Undirected,0,1,0.0
#cecilthelion,#badchoices,Undirected,1,1,1.0
#cecilthelion,#bantrophyhunting,Undirected,1,1,1.0
#cern,#harrybecareful,Undirected,0,1,0.0
#charity,#run,Undirected,0,1,0.0
#charminar,#telangana,Undirected,0,1,0.0
#check,#follow,Undirected,1,1,1.0
#chelsea,#hazard,Undirected,0,1,0.0
#chemical,#dependency,Undirected,0,4,0.0
#chemical,#jobs,Undirected,0,4,0.0
#chemical,#seattle,Undirected,0,3,0.0
#chicago,#news,Undirected,1,1,1.0
#childhood,#trauma,Undirected,1,1,1.0
#children,#deaths,Undirected,1,1,1.0
#chile,#zippednews,Undirected,0,1,0.0
#china,#saveti,Undirected,1,1,1.0
#china,#world,Undirected,1,1,1.0
#chinadotcom,#sports,Undirected,0,1,0.0
#choosegod,#restoringpaths,Undirected,0,1,0.0
#choppergate,#auspol,Undirected,0,1,0.0
#choppergate,#bronwynbishop,Undirected,0,1,0.0
#christians,#cufi,Undirected,0,1,0.0
#christians,#israel,Undirected,0,1,0.0
#christians,#us,Undirected,0,1,0.0
#chronicillness,#mylifestory,Undirected,0,1,0.0
#cleveland,#standup,Undirected,0,1,0.0
#climate,#energy,Undirected,1,1,1.0
#climate,#nature,Undirected,1,1,1.0
#climatechange,#anarchy,Undirected,1,1,1.0
#clinton,#abc,Undirected,1,1,1.0
#clinton,#bbc,Undirected,1,1,1.0
#clinton,#bush,Undirected,1,1,1.0
#clinton,#cbs,Undirected,1,1,1.0
#clinton,#cnn,Undirected,1,1,1.0
#clinton,#gop,Undirected,1,1,1.0
#clinton,#wpo,Undirected,1,1,1.0
#clinton,#wsj,Undirected,1,1,1.0
#clip,#adult,Undirected,0,1,0.0
#clip,#rt,Undirected,0,1,0.0
#clip,#sex,Undirected,0,1,0.0
#clip,#tube,Undirected,0,1,0.0
#cliptv,#desolationofsmaug,Undirected,0,1,0.0
#cliptv,#poze,Undirected,0,1,0.0
#cliptv,#thehobbit,Undirected,0,1,0.0
#cloud,#iot,Undirected,1,1,1.0
#cnbc,#cnn,Undirected,1,1,1.0
#cnbc,#topnews,Undirected,0,1,0.0
#cndpoli,#yyj,Undirected,1,1,1.0
#cnn,#god,Undirected,4,7,0.5714285714285714
#cnn,#isis,Undirected,4,7,0.5714285714285714
#cnn,#islam,Undirected,4,7,0.5714285714285714
#cnn,#lies,Undirected,4,7,0.5714285714285714
#cnn,#quran,Undirected,4,7,0.5714285714285714
#cnn,#terrorism,Undirected,4,7,0.5714285714285714
#cnn,#truth,Undirected,4,7,0.5714285714285714
#cnn,#wpo,Undirected,1,1,1.0
#cnn,#wsj,Undirected,1,1,1.0
#co,#or,Undirected,1,1,1.0
#coast2coastdjs,#clubbanger,Undirected,0,1,0.0
#coast2coastdjs,#hiphop,Undirected,0,1,0.0
#coast2coastdjs,#jiwonle,Undirected,0,1,0.0
#cochrane,#abstorm,Undirected,1,1,1.0
#cogxbox,#xbox,Undirected,0,1,0.0
#cogxbox,#xboxone,Undirected,0,1,0.0
#cold,#crossfit,Undirected,0,1,0.0
#cold,#tough,Undirected,0,1,0.0
#colorado,#avalanche,Undirected,0,1,0.0
#colorado,#hockey,Undirected,0,1,0.0
#colorado,#news,Undirected,1,1,1.0
#colorado,#nhl,Undirected,0,1,0.0
#coloradoavalanche,#avalanche,Undirected,1,1,1.0
#comdev,#asia,Undirected,1,1,1.0
#comdev,#bangladesh,Undirected,1,1,1.0
#comdev,#komen,Undirected,1,1,1.0
#comdev,#programs,Undirected,1,1,1.0
#comedy,#ifunny,Undirected,1,1,1.0
#comedy,#image,Undirected,1,1,1.0
#comedy,#rt,Undirected,1,1,1.0
#comedy,#video,Undirected,1,1,1.0
#companionship,#care,Undirected,0,1,0.0
#companionship,#chester,Undirected,0,1,0.0
#computers,#gadgets,Undirected,1,1,1.0
#computers,#slingnews,Undirected,1,1,1.0
#content,#policy,Undirected,1,1,1.0
#conversations,#clubbanger,Undirected,0,1,0.0
#conversations,#coast2coastdjs,Undirected,0,1,0.0
#conversations,#hiphop,Undirected,0,1,0.0
#conversations,#jiwonle,Undirected,0,1,0.0
#cool,#tech,Undirected,0,2,0.0
#cossack,#ushanka,Undirected,0,1,0.0
#coya,#london,Undirected,0,1,0.0
#crash,#accident,Undirected,1,1,1.0
#crash,#aircraft,Undirected,1,1,1.0
#crash,#airplane,Undirected,1,1,1.0
#crash,#carfest,Undirected,1,1,1.0
#crash,#death,Undirected,1,1,1.0
#crash,#mh370,Undirected,1,1,1.0
#crash,#pilot,Undirected,1,1,1.0
#crimes,#courts,Undirected,1,1,1.0
#crimes,#justice,Undirected,1,1,1.0
#crush,#listen,Undirected,0,1,0.0
#crush,#nowplaying,Undirected,0,1,0.0
#cufi,#us,Undirected,0,1,0.0
#cumshot,#free,Undirected,0,1,0.0
#cumshot,#porn,Undirected,0,1,0.0
#cumshot,#porno,Undirected,0,1,0.0
#cumshot,#sex,Undirected,0,1,0.0
#cumshot,#video,Undirected,0,1,0.0
#cutekitten,#catsofinstagram,Undirected,0,1,0.0
#cutekitten,#dagens,Undirected,0,1,0.0
#cutekitten,#dumle,Undirected,0,1,0.0
#cutekitten,#katt,Undirected,0,1,0.0
#cutekitten,#katterpì,Undirected,0,1,0.0
#cutekitten,#summerinsweden,Undirected,0,1,0.0
#cyber,#ey,Undirected,0,1,0.0
#dam,#gms,Undirected,1,1,1.0
#dam,#world,Undirected,1,1,1.0
#dance,#ices,Undirected,0,7,0.0
#dating,#meet,Undirected,0,1,0.0
#dating,#sex,Undirected,0,1,0.0
#datingtips,#goodreads,Undirected,0,1,0.0
#dcubecrafts,#greetingcards,Undirected,0,1,0.0
#de,#au,Undirected,1,1,1.0
#de,#ca,Undirected,1,1,1.0
#de,#jp,Undirected,1,1,1.0
#deadgrassandflowers,#wildfires,Undirected,1,1,1.0
#death,#accident,Undirected,1,1,1.0
#death,#carfest,Undirected,1,1,1.0
#debatequestionswewanttohear,#israel,Undirected,1,1,1.0
#debatequestionswewanttohear,#saudi,Undirected,1,1,1.0
#debatequestionswewanttohear,#wahhabism,Undirected,1,1,1.0
#debatequestionswewanttohear,#zionism,Undirected,1,1,1.0
#deep,#forest,Undirected,0,1,0.0
#deep,#lake,Undirected,0,1,0.0
#defendant,#catastrophic,Undirected,0,1,0.0
#defendant,#jobs,Undirected,0,1,0.0
#deltachildren,#disney,Undirected,0,1,0.0
#deltachildren,#instaquote,Undirected,0,1,0.0
#deltachildren,#quoteoftheday,Undirected,0,1,0.0
#deltachildren,#waltdisney,Undirected,0,1,0.0
#deluge,#dumuzid,Undirected,0,1,0.0
#demolition,#halifax,Undirected,0,1,0.0
#demolition,#jobs,Undirected,0,1,0.0
#demolition,#workers,Undirected,0,1,0.0
#denver,#billings,Undirected,2,2,1.0
#denver,#cheyenne,Undirected,2,2,1.0
#denver,#insurance,Undirected,0,1,0.0
#denver,#job,Undirected,0,1,0.0
#denver,#rapidcity,Undirected,2,2,1.0
#denver,#seattle,Undirected,2,2,1.0
#dependency,#jobs,Undirected,0,4,0.0
#dependency,#seattle,Undirected,0,3,0.0
#desolation,#newep,Undirected,1,1,1.0
#desolation,#theconspiracytheory,Undirected,1,1,1.0
#desolationofsmaug,#poze,Undirected,0,1,0.0
#desolationofsmaug,#thehobbit,Undirected,0,1,0.0
#destroy,#free,Undirected,0,1,0.0
#destruction,#badkitty,Undirected,0,1,0.0
#destruction,#thisiswhywecanthavenicethings,Undirected,0,1,0.0
#dfir,#threatintel,Undirected,0,1,0.0
#digitalhealth,#hcsm,Undirected,0,1,0.0
#directioners,#fanarmyfaceoff,Undirected,0,1,0.0
#directioners,#queens,Undirected,0,1,0.0
#disabledveterans,#thepartyofmeanness,Undirected,0,1,0.0
#disaster,#annonymous,Undirected,1,1,1.0
#disaster,#anonymous,Undirected,1,1,1.0
#disaster,#failure,Undirected,1,1,1.0
#disaster,#gbbo,Undirected,1,1,1.0
#disaster,#guardian,Undirected,1,1,1.0
#disaster,#japanjapan,Undirected,1,1,1.0
#disaster,#mudslide,Undirected,1,1,1.0
#disaster,#nuclear,Undirected,1,1,1.0
#disaster,#nytimes,Undirected,2,2,1.0
#disaster,#reuters,Undirected,1,1,1.0
#disaster,#us,Undirected,1,1,1.0
#disasterrecovery,#disaster,Undirected,1,1,1.0
#disney,#waltdisney,Undirected,0,1,0.0
#displaced,#refugeesmatter,Undirected,1,1,1.0
#displaced,#syria,Undirected,1,1,1.0
#dnb,#dance,Undirected,0,7,0.0
#dnb,#edm,Undirected,0,7,0.0
#dnb,#ices,Undirected,0,7,0.0
#dnb,#newrelease,Undirected,0,1,0.0
#dogs,#animals,Undirected,0,1,0.0
#dogs,#puppy,Undirected,0,1,0.0
#dontexpectnothing,#fire,Undirected,0,1,0.0
#dontexpectnothing,#july,Undirected,0,1,0.0
#donzilla,#trump2016,Undirected,0,1,0.0
#doomsday,#2a,Undirected,0,1,0.0
#doomsday,#prepper,Undirected,0,1,0.0
#doomsday,#preppertalk,Undirected,0,1,0.0
#doomsday,#shtf,Undirected,0,1,0.0
#doomsday,#survival,Undirected,0,1,0.0
#doublecups,#armageddon,Undirected,0,2,0.0
#download,#movie,Undirected,1,1,1.0
#download,#watch,Undirected,1,1,1.0
#dream,#1,Undirected,0,1,0.0
#dream,#linden,Undirected,0,1,0.0
#dream,#magic,Undirected,0,1,0.0
#driverlesscars,#markets,Undirected,0,1,0.0
#driverlesscars,#money,Undirected,0,1,0.0
#drones,#privacy,Undirected,0,1,0.0
#drought,#deadgrassandflowers,Undirected,1,1,1.0
#drought,#dublin,Undirected,1,1,1.0
#drought,#gawx,Undirected,1,1,1.0
#drought,#macon,Undirected,1,1,1.0
#drought,#milledgeville,Undirected,1,1,1.0
#drought,#nuclear,Undirected,1,1,1.0
#drought,#nv,Undirected,1,1,1.0
#drought,#sanonofre,Undirected,1,1,1.0
#drought,#warnerrobins,Undirected,1,1,1.0
#drought,#wild,Undirected,1,1,1.0
#drought,#wildfires,Undirected,1,1,1.0
#droughtmonitor,#drought,Undirected,1,1,1.0
#drum,#heavy,Undirected,0,1,0.0
#drum,#nasty,Undirected,0,1,0.0
#dublin,#gawx,Undirected,1,1,1.0
#dublin,#milledgeville,Undirected,1,1,1.0
#dubstep,#dance,Undirected,0,7,0.0
#dubstep,#dnb,Undirected,0,7,0.0
#dubstep,#edm,Undirected,0,7,0.0
#dubstep,#ices,Undirected,0,7,0.0
#dubstep,#trapmusic,Undirected,0,7,0.0
#dumle,#dagens,Undirected,0,1,0.0
#dutton,#abbott,Undirected,0,1,0.0
#dutton,#auspol,Undirected,0,1,0.0
#dutton,#bronwynbishop,Undirected,0,1,0.0
#dutton,#choppergate,Undirected,0,1,0.0
#dutton,#lnp,Undirected,0,1,0.0
#dutton,#presser,Undirected,1,1,1.0
#dvd,#auction,Undirected,0,1,0.0
#dvd,#ebay,Undirected,0,1,0.0
#earthquake,#anchorage,Undirected,1,1,1.0
#earthquake,#iphone,Undirected,3,3,1.0
#earthquake,#news,Undirected,1,1,1.0
#earthquake,#quake,Undirected,2,2,1.0
#earthquake,#sismo,Undirected,3,3,1.0
#earthquake,#volcano,Undirected,1,1,1.0
#ebay,#auction,Undirected,0,1,0.0
#edm,#dance,Undirected,0,7,0.0
#edm,#ices,Undirected,0,7,0.0
#education,#econom,Undirected,0,1,0.0
#edwing,#bluejays,Undirected,0,1,0.0
#elderly,#care,Undirected,0,1,0.0
#elderly,#chester,Undirected,0,1,0.0
#elderly,#companionship,Undirected,0,1,0.0
#elections,#achedin,Undirected,1,1,1.0
#electro,#comingsoon,Undirected,1,1,1.0
#electro,#rock,Undirected,1,1,1.0
#electronicmusic,#ccmusic,Undirected,0,1,0.0
#electronicmusic,#listen,Undirected,0,1,0.0
#elxn42,#stopharper,Undirected,0,1,0.0
#emergency,#06,Undirected,0,1,0.0
#emergency,#09,Undirected,0,1,0.0
#emergency,#24,Undirected,0,1,0.0
#emergency,#911,Undirected,1,1,1.0
#emergency,#henderson,Undirected,0,1,0.0
#emergency,#jobs,Undirected,0,1,0.0
#emergency,#procedures,Undirected,0,1,0.0
#emergency,#rescue,Undirected,1,1,1.0
#emergency,#sirens,Undirected,1,1,1.0
#emergency,#summertime,Undirected,1,1,1.0
#emmerdale,#summerfate,Undirected,0,3,0.0
#ems,#ambulance,Undirected,0,1,0.0
#ems,#paramedics,Undirected,0,1,0.0
#endangered,#drone,Undirected,1,1,1.0
#endconflict,#freekashmir,Undirected,1,1,1.0
#endoccupation,#endconflict,Undirected,1,1,1.0
#endoccupation,#freekashmir,Undirected,1,1,1.0
#enkelbiljett,#menolippu,Undirected,0,1,0.0
#enolagay,#hiroshima,Undirected,1,1,1.0
#entertainment,#auction,Undirected,0,1,0.0
#entertainment,#brucewillis,Undirected,0,1,0.0
#entertainment,#dvd,Undirected,0,1,0.0
#entertainment,#ebay,Undirected,0,1,0.0
#entertainment,#news,Undirected,0,1,0.0
#entrepreneur,#business,Undirected,0,1,0.0
#entrepreneur,#leadership,Undirected,0,1,0.0
#entrepreneur,#management,Undirected,0,1,0.0
#entrepreneur,#smallbiz,Undirected,0,1,0.0
#entrepreneur,#startup,Undirected,0,1,0.0
#entretenimento,#video,Undirected,0,1,0.0
#environment,#climate,Undirected,1,1,1.0
#environment,#nature,Undirected,1,1,1.0
#ergo,#cuff,Undirected,0,1,0.0
#es,#africa,Undirected,1,1,1.0
#es,#au,Undirected,1,1,1.0
#es,#ca,Undirected,1,1,1.0
#es,#de,Undirected,1,1,1.0
#es,#fr,Undirected,1,1,1.0
#es,#jp,Undirected,1,1,1.0
#es,#nigeria,Undirected,1,1,1.0
#es,#uk,Undirected,1,1,1.0
#escorts,#dubai,Undirected,0,1,0.0
#escorts,#gfe,Undirected,0,1,0.0
#ethical,#usa,Undirected,0,1,0.0
#euro,#dontexpectnothing,Undirected,0,1,0.0
#euro,#fire,Undirected,0,1,0.0
#euro,#july,Undirected,0,1,0.0
#evacuation,#abandoned,Undirected,1,1,1.0
#evilempire,#jadehelm15,Undirected,0,1,0.0
#extinction,#standforwolves,Undirected,1,1,1.0
#eye,#eyefacts,Undirected,1,1,1.0
#eyewitness,#ugc,Undirected,0,1,0.0
#eyewitness,#uk,Undirected,0,1,0.0
#facebook,#socialmedia,Undirected,0,1,0.0
#facebook,#strategy,Undirected,0,1,0.0
#failure,#annonymous,Undirected,1,1,1.0
#failure,#guardian,Undirected,1,1,1.0
#failure,#nytimes,Undirected,1,1,1.0
#failure,#reuters,Undirected,1,1,1.0
#families,#autism,Undirected,0,1,0.0
#families,#specialneeds,Undirected,0,1,0.0
#family,#cleveland,Undirected,0,1,0.0
#family,#standup,Undirected,0,1,0.0
#fantasticfour,#fant4stic,Undirected,0,1,0.0
#farrakhan,#quote,Undirected,1,3,0.3333333333333333
#fashion,#9973,Undirected,0,1,0.0
#fashion,#manhood,Undirected,0,1,0.0
#fashion,#mayhem,Undirected,0,4,0.0
#fashion,#models,Undirected,0,4,0.0
#fashion,#style,Undirected,0,2,0.0
#fashion,#urbanfashion,Undirected,0,1,0.0
#fat,#burnfat,Undirected,0,1,0.0
#fat,#skinny,Undirected,0,1,0.0
#fat,#workout,Undirected,0,1,0.0
#fdny,#brooklyn,Undirected,1,1,1.0
#fettilootch,#slanglucci,Undirected,1,4,0.25
#fifa16,#whocares,Undirected,0,1,0.0
#fingerrockfire,#azwx,Undirected,1,1,1.0
#fire,#911,Undirected,1,1,1.0
#fire,#canontattoo,Undirected,0,1,0.0
#fire,#emergency,Undirected,1,1,1.0
#fire,#ems,Undirected,1,1,1.0
#fire,#firemen,Undirected,1,1,1.0
#fire,#firetruck,Undirected,1,1,1.0
#fire,#mn,Undirected,0,1,0.0
#fire,#rescue,Undirected,1,1,1.0
#fire,#sirens,Undirected,1,1,1.0
#fire,#summertime,Undirected,1,1,1.0
#fire,#theresmorewherethatcamefrom,Undirected,0,1,0.0
#firefighters,#tech,Undirected,1,1,1.0
#firefighting,#easternoregon,Undirected,1,1,1.0
#firefighting,#oregon,Undirected,1,1,1.0
#firefighting,#wildfire,Undirected,1,1,1.0
#firemen,#911,Undirected,1,1,1.0
#firemen,#emergency,Undirected,1,1,1.0
#firemen,#firetruck,Undirected,1,1,1.0
#firemen,#rescue,Undirected,1,1,1.0
#firemen,#sirens,Undirected,1,1,1.0
#firemen,#summertime,Undirected,1,1,1.0
#firenews,#wa,Undirected,1,1,1.0
#firetruck,#911,Undirected,1,1,1.0
#firetruck,#emergency,Undirected,1,1,1.0
#firetruck,#rescue,Undirected,1,1,1.0
#firetruck,#sirens,Undirected,1,1,1.0
#firetruck,#summertime,Undirected,1,1,1.0
#firstnations,#cndpoli,Undirected,1,1,1.0
#firstnations,#idlenomore,Undirected,1,1,1.0
#firstnations,#yyj,Undirected,1,1,1.0
#fitness,#inspiration,Undirected,0,1,0.0
#flashflood,#365disasters,Undirected,1,1,1.0
#flashflood,#landslide,Undirected,1,1,1.0
#flashflood,#pakistan,Undirected,1,1,1.0
#flood,#disaster,Undirected,3,3,1.0
#flood,#we,Undirected,1,1,1.0
#flooding,#florida,Undirected,1,1,1.0
#flooding,#tampa,Undirected,1,1,1.0
#flooding,#tampabay,Undirected,1,1,1.0
#floods,#flooding,Undirected,1,1,1.0
#floods,#ukfloods,Undirected,1,1,1.0
#floored4,#flattened,Undirected,0,1,0.0
#florida,#tampa,Undirected,1,1,1.0
#florida,#tampabay,Undirected,1,1,1.0
#floridians,#trophyhunt,Undirected,0,1,0.0
#fly,#badkitty,Undirected,0,1,0.0
#fly,#bored,Undirected,0,1,0.0
#fly,#cats,Undirected,0,1,0.0
#fly,#destruction,Undirected,0,1,0.0
#fly,#thisiswhywecanthavenicethings,Undirected,0,1,0.0
#foamed,#foamcc,Undirected,0,1,0.0
#follow,#maps,Undirected,0,1,0.0
#food,#fun,Undirected,1,1,1.0
#foodscare,#ban,Undirected,2,3,0.6666666666666666
#foodscare,#humanconsumption,Undirected,2,3,0.6666666666666666
#foodscare,#magginoodle,Undirected,2,3,0.6666666666666666
#foodscare,#nestleindia,Undirected,2,3,0.6666666666666666
#foodscare,#offers2go,Undirected,2,3,0.6666666666666666
#foot,#adjust,Undirected,1,1,1.0
#foot,#shape,Undirected,1,1,1.0
#foot,#shoe,Undirected,1,1,1.0
#forbes,#europe,Undirected,1,1,1.0
#forest,#indonesia,Undirected,1,1,1.0
#forever,#hellfire,Undirected,1,3,0.3333333333333333
#forever,#reflect,Undirected,1,3,0.3333333333333333
#forex,#business,Undirected,0,1,0.0
#forex,#gold,Undirected,0,1,0.0
#forex,#silver,Undirected,0,1,0.0
#forex,#trading,Undirected,0,1,0.0
#fr,#africa,Undirected,1,1,1.0
#fr,#au,Undirected,1,1,1.0
#fr,#ca,Undirected,1,1,1.0
#fr,#de,Undirected,1,1,1.0
#fr,#jp,Undirected,1,1,1.0
#fr,#nigeria,Undirected,1,1,1.0
#fr,#uk,Undirected,1,1,1.0
#france,#dc,Undirected,0,1,0.0
#france,#emsc,Undirected,1,1,1.0
#france,#russia,Undirected,0,1,0.0
#france,#uk,Undirected,1,1,1.0
#france,#usgs,Undirected,1,1,1.0
#france,#wine,Undirected,0,1,0.0
#francisunderwood,#hoc,Undirected,0,1,0.0
#free,#adult,Undirected,0,1,0.0
#free,#amreading,Undirected,0,1,0.0
#free,#clip,Undirected,0,1,0.0
#free,#kindle,Undirected,0,1,0.0
#free,#military,Undirected,0,1,0.0
#free,#porn,Undirected,0,1,0.0
#free,#rt,Undirected,0,1,0.0
#free,#sex,Undirected,0,1,0.0
#free,#suspense,Undirected,0,1,0.0
#free,#thriller,Undirected,0,1,0.0
#free,#tube,Undirected,0,1,0.0
#freeallfour,#hostages,Undirected,1,1,1.0
#freeallfour,#iran,Undirected,1,1,1.0
#freeallfour,#irandeal,Undirected,1,1,1.0
#freeamirnow,#freeallfour,Undirected,1,1,1.0
#freeamirnow,#hostages,Undirected,1,1,1.0
#freeamirnow,#iran,Undirected,1,1,1.0
#freeamirnow,#irandeal,Undirected,1,1,1.0
#freedom,#donthate,Undirected,0,1,0.0
#freespeech,#business,Undirected,1,1,1.0
#frontpage,#bioterror,Undirected,2,3,0.6666666666666666
#frontpage,#gopdebate,Undirected,0,1,0.0
#frontpage,#rickperry,Undirected,2,3,0.6666666666666666
#ftsn,#ftsnnewsdesk,Undirected,1,1,1.0
#fukushima,#chernobyl,Undirected,1,1,1.0
#fukushima,#global,Undirected,1,1,1.0
#fukushima,#japan,Undirected,1,1,1.0
#fukushima,#tepco,Undirected,2,2,1.0
#fukushima,#us,Undirected,1,1,1.0
#fun,#instagramers,Undirected,0,1,0.0
#funny,#comedy,Undirected,1,1,1.0
#funny,#ifunny,Undirected,1,1,1.0
#funny,#image,Undirected,1,1,1.0
#funny,#lol,Undirected,1,1,1.0
#funny,#rt,Undirected,1,1,1.0
#funny,#video,Undirected,1,1,1.0
#funnynews,#business,Undirected,1,1,1.0
#funtimes,#demolished,Undirected,0,1,0.0
#fx,#forex,Undirected,0,1,0.0
#fx,#trading,Undirected,0,1,0.0
#gabon,#somalia,Undirected,3,3,1.0
#gadget,#technology,Undirected,0,1,0.0
#gadgets,#slingnews,Undirected,1,1,1.0
#gallipoli,#ww1,Undirected,0,1,0.0
#gamefeed,#videogame,Undirected,0,1,0.0
#gaming,#news,Undirected,0,1,0.0
#gaming,#tv,Undirected,0,1,0.0
#gander,#nlwx,Undirected,1,1,1.0
#gas,#cyber,Undirected,0,1,0.0
#gas,#ey,Undirected,0,1,0.0
#gbbo,#baking,Undirected,0,1,0.0
#gbbo,#cakes,Undirected,0,1,0.0
#gbbo,#mudslide,Undirected,1,1,1.0
#ge,#innovation,Undirected,0,1,0.0
#ge,#nuclear,Undirected,0,1,0.0
#ge,#robot,Undirected,0,1,0.0
#gemma,#bowe,Undirected,1,1,1.0
#gfe,#dubai,Undirected,0,1,0.0
#gif,#comedy,Undirected,1,1,1.0
#gif,#funny,Undirected,1,1,1.0
#gif,#ifunny,Undirected,1,1,1.0
#gif,#image,Undirected,1,1,1.0
#gif,#lol,Undirected,1,1,1.0
#gif,#rt,Undirected,1,1,1.0
#gif,#video,Undirected,1,1,1.0
#gisuserpr,#geotech,Undirected,0,1,0.0
#glaucoma,#eye,Undirected,1,1,1.0
#glaucoma,#eyefacts,Undirected,1,1,1.0
#gloucester,#capeann,Undirected,1,1,1.0
#gloucester,#seagulls,Undirected,1,1,1.0
#gloucester,#triciaoneill,Undirected,1,1,1.0
#gloucester,#triciaoneillphoto,Undirected,1,1,1.0
#gms,#world,Undirected,1,1,1.0
#goblue,#wrestleon,Undirected,1,1,1.0
#god,#isis,Undirected,4,7,0.5714285714285714
#god,#lies,Undirected,4,7,0.5714285714285714
#god,#quran,Undirected,4,7,0.5714285714285714
#god,#terrorism,Undirected,4,7,0.5714285714285714
#gold,#business,Undirected,0,1,0.0
#gold,#silver,Undirected,0,1,0.0
#golf,#news,Undirected,0,1,0.0
#gop,#abc,Undirected,1,1,1.0
#gop,#bbc,Undirected,1,1,1.0
#gop,#cbs,Undirected,1,1,1.0
#gop,#cnn,Undirected,1,1,1.0
#gop,#disabledveterans,Undirected,0,1,0.0
#gop,#irandeal,Undirected,1,1,1.0
#gop,#isis,Undirected,1,1,1.0
#gop,#potus,Undirected,1,1,1.0
#gop,#thepartyofmeanness,Undirected,0,1,0.0
#gop,#wpo,Undirected,1,1,1.0
#gop,#wsj,Undirected,1,1,1.0
#govegan,#uniteblue,Undirected,0,1,0.0
#govt,#ethical,Undirected,0,1,0.0
#govt,#usa,Undirected,0,1,0.0
#grants,#funds,Undirected,1,1,1.0
#gravity,#military,Undirected,0,1,0.0
#gravity,#mom,Undirected,0,1,0.0
#gravity,#talkradio,Undirected,0,1,0.0
#greece,#bailout,Undirected,1,1,1.0
#grindhouse,#texaschainsawmassacre,Undirected,0,1,0.0
#guardian,#nytimes,Undirected,2,2,1.0
#guardian,#reuters,Undirected,1,1,1.0
#guardian,#wps,Undirected,1,1,1.0
#guillermo,#meteoearth,Undirected,2,2,1.0
#gujaratriot,#chawalchorbjp,Undirected,1,1,1.0
#gujaratriot,#modi,Undirected,1,1,1.0
#gujaratriot,#mumbairiot92,Undirected,1,1,1.0
#gunfail,#nra,Undirected,1,1,1.0
#gunsense,#gfz,Undirected,1,1,1.0
#gym,#assassins,Undirected,0,1,0.0
#gym,#gymflow,Undirected,0,1,0.0
#gym,#gymtime,Undirected,0,1,0.0
#gym,#team,Undirected,0,1,0.0
#gymflow,#assassins,Undirected,0,1,0.0
#gymflow,#gymtime,Undirected,0,1,0.0
#gymflow,#team,Undirected,0,1,0.0
#gymtime,#assassins,Undirected,0,1,0.0
#gymtime,#team,Undirected,0,1,0.0
#hagerstown,#whag,Undirected,1,1,1.0
#hail,#alberta,Undirected,1,1,1.0
#hail,#calgary,Undirected,1,1,1.0
#hail,#captureyyc,Undirected,1,1,1.0
#hail,#haildamage,Undirected,1,1,1.0
#hail,#hailstorm,Undirected,1,1,1.0
#hail,#sto,Undirected,1,1,1.0
#hail,#yycweather,Undirected,1,1,1.0
#haildamage,#alberta,Undirected,1,1,1.0
#haildamage,#calgary,Undirected,1,1,1.0
#haildamage,#captureyyc,Undirected,1,1,1.0
#haildamage,#sto,Undirected,1,1,1.0
#haildamage,#yycweather,Undirected,1,1,1.0
#hailstorm,#alberta,Undirected,2,2,1.0
#hailstorm,#calgary,Undirected,1,1,1.0
#hailstorm,#captureyyc,Undirected,1,1,1.0
#hailstorm,#crazyweather,Undirected,1,1,1.0
#hailstorm,#haildamage,Undirected,1,1,1.0
#hailstorm,#killhard,Undirected,1,1,1.0
#hailstorm,#rain,Undirected,1,1,1.0
#hailstorm,#sto,Undirected,1,1,1.0
#hailstorm,#yycfringe,Undirected,1,1,1.0
#hailstorm,#yycweather,Undirected,1,1,1.0
#haiyan,#disaster,Undirected,1,1,1.0
#haiyan,#disasterrecovery,Undirected,1,1,1.0
#haiyan,#livelihood,Undirected,1,1,1.0
#haiyan,#philippines,Undirected,1,1,1.0
#haiyan,#yolandaph,Undirected,1,1,1.0
#halifax,#jobs,Undirected,0,1,0.0
#hampshire,#art,Undirected,1,2,0.5
#hampshire,#photography,Undirected,1,2,0.5
#hampshire,#tree,Undirected,1,2,0.5
#hampshire,#treeporn,Undirected,1,2,0.5
#hampshire,#treescape,Undirected,0,1,0.0
#hampshire,#winter,Undirected,0,1,0.0
#handbag,#9973,Undirected,0,1,0.0
#handbag,#fashion,Undirected,0,2,0.0
#handbag,#style,Undirected,0,2,0.0
#handbag,#womens,Undirected,1,6,0.16666666666666666
#happy,#mybabies,Undirected,0,1,0.0
#harperanetflixshow,#elxn42,Undirected,0,1,0.0
#harperanetflixshow,#stopharper,Undirected,0,1,0.0
#harrystyles,#cern,Undirected,0,1,0.0
#harrystyles,#harrybecareful,Undirected,0,1,0.0
#headlines,#2minutemix,Undirected,1,1,1.0
#headlines,#nightbeat,Undirected,1,1,1.0
#health,#newyear,Undirected,1,1,1.0
#health,#publichealth,Undirected,1,1,1.0
#healthcare,#job,Undirected,0,2,0.0
#healthcare,#jobs,Undirected,0,1,0.0
#healthcare,#kodiak,Undirected,0,1,0.0
#heat,#cold,Undirected,0,1,0.0
#heat,#crossfit,Undirected,0,1,0.0
#heat,#tough,Undirected,0,1,0.0
#heavy,#nasty,Undirected,0,1,0.0
#helicopter,#easternoregon,Undirected,1,1,1.0
#helicopter,#firefighting,Undirected,1,1,1.0
#helicopter,#oregon,Undirected,1,1,1.0
#helicopter,#wildfire,Undirected,1,1,1.0
#hellfire,#reflect,Undirected,1,3,0.3333333333333333
#hellfire,#wod,Undirected,1,1,1.0
#hempoil,#cannabis,Undirected,0,1,0.0
#hempoil,#marijuana,Undirected,0,1,0.0
#henderson,#jobs,Undirected,0,1,0.0
#hiphop,#clubbanger,Undirected,0,1,0.0
#hiphop,#indie,Undirected,1,1,1.0
#hiphop,#news,Undirected,1,1,1.0
#hiring,#denver,Undirected,0,1,0.0
#hiring,#houston,Undirected,1,1,1.0
#hiring,#job,Undirected,0,4,0.0
#hiring,#jobs,Undirected,0,2,0.0
#hiring,#nursing,Undirected,1,3,0.3333333333333333
#hiring,#seattle,Undirected,0,1,0.0
#hiroshima,#atombomb,Undirected,1,1,1.0
#hiroshima,#banthebomb,Undirected,1,1,1.0
#hiroshima,#bbc,Undirected,1,1,1.0
#hiroshima,#beyondthebomb,Undirected,1,1,1.0
#hiroshima,#cnv,Undirected,1,1,1.0
#hiroshima,#japan,Undirected,2,2,1.0
#hiroshima,#life,Undirected,2,2,1.0
#hiroshima,#nagasaki,Undirected,3,3,1.0
#hiroshima,#nuclearweapons,Undirected,1,1,1.0
#hiroshima,#nuke,Undirected,1,1,1.0
#hiroshima,#otd,Undirected,1,1,1.0
#hiroshima,#survived,Undirected,1,1,1.0
#hiroshima,#war,Undirected,1,1,1.0
#hitting,#load,Undirected,0,1,0.0
#homealone2,#film4,Undirected,0,1,0.0
#homeimprovement,#flooding,Undirected,0,1,0.0
#horrible,#accident,Undirected,1,1,1.0
#horrible,#watchthevideo,Undirected,1,1,1.0
#hostages,#africa,Undirected,3,3,1.0
#hostages,#ap,Undirected,3,3,1.0
#hostages,#bjp,Undirected,3,3,1.0
#hostages,#india,Undirected,3,3,1.0
#hostages,#iran,Undirected,1,1,1.0
#hostages,#irandeal,Undirected,1,1,1.0
#hostages,#libya,Undirected,3,3,1.0
#hostages,#news,Undirected,3,3,1.0
#hostages,#nri,Undirected,3,3,1.0
#hostages,#tdp,Undirected,3,3,1.0
#hostages,#terrorism,Undirected,3,3,1.0
#hostages,#trs,Undirected,3,3,1.0
#hostages,#ts,Undirected,3,3,1.0
#hot,#best,Undirected,13,30,0.43333333333333335
#hot,#milf,Undirected,0,1,0.0
#hot,#nsfw,Undirected,0,1,0.0
#hot,#porn,Undirected,0,1,0.0
#hot,#prebreak,Undirected,13,30,0.43333333333333335
#hot,#teen,Undirected,0,1,0.0
#hurricane,#guillermo,Undirected,2,2,1.0
#hurricane,#meteoearth,Undirected,2,2,1.0
#hurricane,#simple,Undirected,1,1,1.0
#hwy401,#cambridge,Undirected,1,1,1.0
#hwy401,#opp,Undirected,1,1,1.0
#hyperbole,#saintsfc,Undirected,1,1,1.0
#i,#after,Undirected,0,1,0.0
#iartg,#rrbc,Undirected,0,1,0.0
#iartg,#rwa,Undirected,0,1,0.0
#iartg,#tw4rw,Undirected,0,1,0.0
#ibooklove,#bookboost,Undirected,2,3,0.6666666666666666
#icymi,#annoucement,Undirected,0,1,0.0
#identitytheft,#cri,Undirected,0,2,0.0
#identitytheft,#identitytheft,Undirected,0,1,0.0
#identitytheft,#taxreturn,Undirected,0,1,0.0
#idlenomore,#cndpoli,Undirected,1,1,1.0
#idlenomore,#yyj,Undirected,1,1,1.0
#idols,#22days,Undirected,0,1,0.0
#idols,#wdym,Undirected,0,1,0.0
#ifunny,#image,Undirected,1,1,1.0
#ifunny,#rt,Undirected,1,1,1.0
#ifunny,#video,Undirected,1,1,1.0
#ihave44episodesofgg,#nojoke,Undirected,0,1,0.0
#iheartradio,#nowplaying,Undirected,0,1,0.0
#ika,#diet,Undirected,0,1,0.0
#ika,#tuning,Undirected,0,1,0.0
#illinois,#hazmat,Undirected,1,1,1.0
#illustration,#subway,Undirected,0,1,0.0
#image,#rt,Undirected,1,1,1.0
#imkeepingmydayjob,#17,Undirected,1,1,1.0
#india,#africa,Undirected,3,3,1.0
#india,#ap,Undirected,3,3,1.0
#india,#bjp,Undirected,3,3,1.0
#india,#endconflict,Undirected,1,1,1.0
#india,#endoccupation,Undirected,1,1,1.0
#india,#floods,Undirected,1,1,1.0
#india,#freekashmir,Undirected,1,1,1.0
#india,#mumbai,Undirected,2,2,1.0
#india,#news,Undirected,3,3,1.0
#india,#nri,Undirected,3,3,1.0
#india,#tdp,Undirected,3,3,1.0
#india,#terrorism,Undirected,3,3,1.0
#india,#trs,Undirected,3,3,1.0
#india,#ts,Undirected,3,3,1.0
#indiefilm,#comingsoon,Undirected,0,1,0.0
#indonesia,#jamaica,Undirected,1,1,1.0
#indonesia,#malaysia,Undirected,1,1,1.0
#infectious,#ebola,Undirected,0,1,0.0
#infectiousdiseases,#bioterrorism,Undirected,1,1,1.0
#infosec,#dfir,Undirected,0,1,0.0
#infosec,#threatintel,Undirected,0,1,0.0
#innocent,#crash,Undirected,1,1,1.0
#innocent,#mh370,Undirected,1,1,1.0
#innovation,#gadgets,Undirected,0,1,0.0
#insanelimits,#plugin,Undirected,0,1,0.0
#instaquote,#disney,Undirected,0,1,0.0
#instaquote,#quoteoftheday,Undirected,0,1,0.0
#instaquote,#waltdisney,Undirected,0,1,0.0
#insurance,#job,Undirected,0,1,0.0
#interest,#catastrophe,Undirected,0,1,0.0
#international,#drjustinmazur,Undirected,0,1,0.0
#internet,#nieuws,Undirected,0,1,0.0
#internet,#radio,Undirected,0,1,0.0
#internetradio,#collegeradi,Undirected,1,1,1.0
#interview,#gravity,Undirected,0,1,0.0
#interview,#military,Undirected,0,1,0.0
#interview,#mom,Undirected,0,1,0.0
#interview,#talkradio,Undirected,0,1,0.0
#investing,#business,Undirected,0,1,0.0
#investing,#forex,Undirected,0,1,0.0
#investing,#gold,Undirected,0,1,0.0
#investing,#money,Undirected,0,1,0.0
#investing,#silver,Undirected,0,1,0.0
#investing,#trading,Undirected,0,1,0.0
#iphone,#preparedness,Undirected,0,1,0.0
#iphone,#twist,Undirected,0,1,0.0
#iran,#irandeal,Undirected,1,1,1.0
#iran,#irannucleardeal,Undirected,1,1,1.0
#iran,#nuclear,Undirected,2,2,1.0
#irandeal,#badirandeal,Undirected,0,1,0.0
#irandeal,#isis,Undirected,1,1,1.0
#irandeal,#nonucleariran,Undirected,0,1,0.0
#isis,#homs,Undirected,1,1,1.0
#isis,#lies,Undirected,4,7,0.5714285714285714
#isis,#quran,Undirected,4,7,0.5714285714285714
#isis,#terrorism,Undirected,4,7,0.5714285714285714
#islam,#avalanche,Undirected,1,1,1.0
#islam,#emsc,Undirected,1,1,1.0
#islam,#france,Undirected,1,1,1.0
#islam,#god,Undirected,4,7,0.5714285714285714
#islam,#isis,Undirected,4,7,0.5714285714285714
#islam,#landslide,Undirected,1,1,1.0
#islam,#lies,Undirected,4,7,0.5714285714285714
#islam,#quran,Undirected,4,7,0.5714285714285714
#islam,#sinkhole,Undirected,1,1,1.0
#islam,#terrorism,Undirected,4,7,0.5714285714285714
#islam,#truth,Undirected,4,7,0.5714285714285714
#islam,#uk,Undirected,1,1,1.0
#islam,#usa,Undirected,1,1,1.0
#islam,#usgs,Undirected,1,1,1.0
#islamic,#bomb,Undirected,0,1,0.0
#islamic,#brochure,Undirected,0,1,0.0
#islamic,#state,Undirected,0,1,0.0
#israel,#cufi,Undirected,0,1,0.0
#israel,#us,Undirected,0,1,0.0
#israel,#wahhabism,Undirected,1,1,1.0
#israel,#zionism,Undirected,1,1,1.0
#italian,#alps,Undirected,1,1,1.0
#italian,#landslide,Undirected,1,1,1.0
#jackson,#ms,Undirected,1,1,1.0
#jagm,#tow,Undirected,0,1,0.0
#jamaicaplain,#boston,Undirected,2,2,1.0
#jamaicaplain,#hailstorm,Undirected,2,2,1.0
#japan,#afp,Undirected,1,1,1.0
#japan,#annonymous,Undirected,1,1,1.0
#japan,#chernobyl,Undirected,1,1,1.0
#japan,#disaster,Undirected,1,1,1.0
#japan,#failure,Undirected,1,1,1.0
#japan,#fukushima,Undirected,3,3,1.0
#japan,#global,Undirected,1,1,1.0
#japan,#guardian,Undirected,2,2,1.0
#japan,#hiroshima,Undirected,2,2,1.0
#japan,#nuclearweapons,Undirected,1,1,1.0
#japan,#nytimes,Undirected,2,2,1.0
#japan,#photography,Undirected,1,1,1.0
#japan,#reuters,Undirected,1,1,1.0
#japan,#volcano,Undirected,1,1,1.0
#japan,#wps,Undirected,1,1,1.0
#japanese,#fukushima,Undirected,1,1,1.0
#japanjapan,#anonymous,Undirected,1,1,1.0
#japanjapan,#nuclear,Undirected,1,1,1.0
#japanjapan,#nytimes,Undirected,1,1,1.0
#japanjapan,#us,Undirected,1,1,1.0
#jazz,#art,Undirected,0,1,0.0
#jazz,#music,Undirected,0,1,0.0
#jetengine,#boing,Undirected,1,1,1.0
#jetengine,#g90,Undirected,1,1,1.0
#jetengine,#turbojet,Undirected,1,1,1.0
#jfb,#alrasyid448iturasya,Undirected,0,1,0.0
#jfb,#roh3smantibatam,Undirected,0,1,0.0
#jfb,#tfb,Undirected,0,1,0.0
#jfb,#us,Undirected,0,1,0.0
#jishin_e,#minamisoma,Undirected,1,1,1.0
#jishin_e,#nuclear,Undirected,1,1,1.0
#jiwonle,#clubbanger,Undirected,0,1,0.0
#jiwonle,#hiphop,Undirected,0,1,0.0
#job,#chemical,Undirected,0,1,0.0
#job,#dependency,Undirected,0,1,0.0
#job,#hiring,Undirected,0,4,0.0
#job,#jobs,Undirected,0,5,0.0
#job,#kodiak,Undirected,0,1,0.0
#job,#nursing,Undirected,0,1,0.0
#job,#seattle,Undirected,0,1,0.0
#job,#torrance,Undirected,0,1,0.0
#jobs,#denver,Undirected,0,1,0.0
#jobs,#hiring,Undirected,0,2,0.0
#joestrong,#gokitgo,Undirected,0,1,0.0
#jonvoyage,#holomua,Undirected,0,1,0.0
#july,#fire,Undirected,0,1,0.0
#justice,#courts,Undirected,1,1,1.0
#justinbieber,#cern,Undirected,0,1,0.0
#justinbieber,#harrybecareful,Undirected,0,1,0.0
#justinbieber,#harrystyles,Undirected,0,1,0.0
#justsaying,#randomthought,Undirected,0,1,0.0
#kamindoz,#reuters,Undirected,1,1,1.0
#kashmir,#endconflict,Undirected,1,1,1.0
#kashmir,#endoccupation,Undirected,1,1,1.0
#kashmir,#freekashmir,Undirected,1,1,1.0
#kashmir,#india,Undirected,1,1,1.0
#kashmir,#kashmirconflict,Undirected,1,1,1.0
#kashmir,#pakistan,Undirected,1,1,1.0
#katt,#dagens,Undirected,0,1,0.0
#katt,#dumle,Undirected,0,1,0.0
#katt,#katterpì,Undirected,0,1,0.0
#katterpì,#dagens,Undirected,0,1,0.0
#katterpì,#dumle,Undirected,0,1,0.0
#kca,#binladen,Undirected,1,1,1.0
#kca,#rip,Undirected,1,1,1.0
#kca,#votejkt48id,Undirected,3,4,0.75
#keepingtheviginaclean,#metrofmtalk,Undirected,0,1,0.0
#kenya,#langata,Undirected,1,1,1.0
#kerricktrial,#jonathanferrell,Undirected,1,2,0.5
#kerricktrial,#twcnewsclt,Undirected,1,1,1.0
#kick,#hurricane,Undirected,1,1,1.0
#kick,#simple,Undirected,1,1,1.0
#killed,#alps,Undirected,1,1,1.0
#killed,#italian,Undirected,1,1,1.0
#killed,#landslide,Undirected,1,1,1.0
#killed,#rainstorm,Undirected,1,1,1.0
#kindle,#amreading,Undirected,0,1,0.0
#kindle,#datingtips,Undirected,0,1,0.0
#kindle,#goodreads,Undirected,0,1,0.0
#kindlecountdown,#mfrwauthor,Undirected,0,1,0.0
#kindlecountdown,#mgtab,Undirected,0,1,0.0
#kindlecountdown,#sale,Undirected,0,1,0.0
#king,#deluge,Undirected,0,1,0.0
#king,#dumuzid,Undirected,0,1,0.0
#kisii,#countynews,Undirected,2,2,1.0
#kml,#offshore,Undirected,0,1,0.0
#kml,#oil,Undirected,0,1,0.0
#kml,#seismic,Undirected,0,1,0.0
#kodiak,#healthcare,Undirected,0,1,0.0
#kodiak,#job,Undirected,0,1,0.0
#kodiak,#jobs,Undirected,0,1,0.0
#kurds,#diyala,Undirected,1,1,1.0
#labour,#labourleadership,Undirected,0,1,0.0
#lake,#forest,Undirected,0,1,0.0
#lakeeffect,#snowstorm,Undirected,1,1,1.0
#landslide,#365disasters,Undirected,1,1,1.0
#landslide,#avalanche,Undirected,1,1,1.0
#landslide,#emsc,Undirected,1,1,1.0
#landslide,#france,Undirected,1,1,1.0
#landslide,#pakistan,Undirected,1,1,1.0
#landslide,#skardu,Undirected,0,1,0.0
#landslide,#uk,Undirected,1,1,1.0
#landslide,#usa,Undirected,1,1,1.0
#landslide,#usgs,Undirected,1,1,1.0
#latestnews,#cnbc,Undirected,1,1,1.0
#latestnews,#cnn,Undirected,1,1,1.0
#latimes,#news,Undirected,1,1,1.0
#lds,#mormon,Undirected,0,1,0.0
#leadership,#business,Undirected,0,1,0.0
#leadership,#smallbiz,Undirected,0,1,0.0
#leadership,#startup,Undirected,0,1,0.0
#les,#gardens,Undirected,1,1,1.0
#les,#nyc,Undirected,1,1,1.0
#lessonforlife,#marinelines,Undirected,1,1,1.0
#lessonforlife,#mumbai,Undirected,1,1,1.0
#letsfootball,#atk,Undirected,0,2,0.0
#letsfootball,#letsfootball,Undirected,0,1,0.0
#lh_movie,#comingsoon,Undirected,0,1,0.0
#lh_movie,#indiefilm,Undirected,0,1,0.0
#libraries,#reading,Undirected,0,1,0.0
#libya,#africa,Undirected,3,3,1.0
#libya,#ap,Undirected,3,3,1.0
#libya,#bjp,Undirected,3,3,1.0
#libya,#india,Undirected,3,3,1.0
#libya,#news,Undirected,3,3,1.0
#libya,#nri,Undirected,3,3,1.0
#libya,#tdp,Undirected,3,3,1.0
#libya,#terrorism,Undirected,3,3,1.0
#libya,#trs,Undirected,3,3,1.0
#libya,#ts,Undirected,3,3,1.0
#life,#tech,Undirected,1,1,1.0
#lightning,#helsinki,Undirected,1,1,1.0
#lightning,#lightningstrike,Undirected,1,1,1.0
#lightning,#nature,Undirected,1,1,1.0
#lightning,#thunderstorm,Undirected,1,1,1.0
#lightningstrike,#helsinki,Undirected,1,1,1.0
#lightningstrike,#nature,Undirected,1,1,1.0
#lightningstrike,#thunderstorm,Undirected,1,1,1.0
#linden,#1,Undirected,0,1,0.0
#listen,#ccmusic,Undirected,0,1,0.0
#listen,#live,Undirected,0,1,0.0
#listen,#nowplaying,Undirected,0,1,0.0
#listen,#radio,Undirected,1,1,1.0
#livelihood,#disaster,Undirected,1,1,1.0
#livelihood,#disasterrecovery,Undirected,1,1,1.0
#lnp,#auspol,Undirected,0,1,0.0
#lnp,#bronwynbishop,Undirected,0,1,0.0
#lnp,#choppergate,Undirected,0,1,0.0
#lol,#comedy,Undirected,1,1,1.0
#lol,#ifunny,Undirected,1,1,1.0
#lol,#image,Undirected,1,1,1.0
#lol,#rt,Undirected,1,1,1.0
#lol,#video,Undirected,1,1,1.0
#lomasvisto,#cadenadeseguidores,Undirected,1,1,1.0
#lonepine,#gallipoli,Undirected,0,1,0.0
#lonepine,#ww1,Undirected,0,1,0.0
#losangelestimes,#latimes,Undirected,1,1,1.0
#losangelestimes,#news,Undirected,1,1,1.0
#losdelsonido,#ivanberroa,Undirected,2,2,1.0
#lotz,#1008pla,Undirected,0,1,0.0
#lotz,#1008planet,Undirected,0,1,0.0
#lotz,#apocalypse,Undirected,0,2,0.0
#lotz,#armageddon,Undirected,0,2,0.0
#love,#1008pla,Undirected,0,1,0.0
#love,#1008planet,Undirected,0,1,0.0
#love,#apocalypse,Undirected,0,2,0.0
#love,#armageddon,Undirected,0,2,0.0
#love,#astrology,Undirected,0,2,0.0
#love,#food,Undirected,1,1,1.0
#love,#fun,Undirected,1,1,1.0
#love,#lotz,Undirected,0,2,0.0
#love,#romance,Undirected,0,2,0.0
#love,#rtrrt,Undirected,0,2,0.0
#love,#seduction,Undirected,0,2,0.0
#love,#truelove,Undirected,0,2,0.0
#love,#voodoo,Undirected,0,2,0.0
#lovemydentist,#sore,Undirected,0,1,0.0
#loveyouuuu,#aintsheperty,Undirected,0,1,0.0
#luck,#destroy,Undirected,0,1,0.0
#macon,#dublin,Undirected,1,1,1.0
#macon,#gawx,Undirected,1,1,1.0
#macon,#milledgeville,Undirected,1,1,1.0
#macon,#warnerrobins,Undirected,1,1,1.0
#magginoodle,#ban,Undirected,2,3,0.6666666666666666
#magginoodle,#humanconsumption,Undirected,2,3,0.6666666666666666
#magic,#1,Undirected,0,1,0.0
#magic,#linden,Undirected,0,1,0.0
#makewaterwork,#westerncanadadrought,Undirected,1,1,1.0
#malaysia,#jamaica,Undirected,1,1,1.0
#malaysia,#news,Undirected,1,1,1.0
#man,#accident,Undirected,1,1,1.0
#man,#aeroplane,Undirected,1,1,1.0
#man,#aircraft,Undirected,1,1,1.0
#man,#airplane,Undirected,1,1,1.0
#man,#airport,Undirected,1,1,1.0
#man,#freaky,Undirected,1,1,1.0
#man,#runway,Undirected,1,1,1.0
#management,#business,Undirected,0,1,0.0
#management,#leadership,Undirected,0,1,0.0
#management,#smallbiz,Undirected,0,1,0.0
#management,#startup,Undirected,0,1,0.0
#manchester,#traffic,Undirected,1,1,1.0
#mandela,#quote,Undirected,0,1,0.0
#marijuana,#cannabis,Undirected,0,1,0.0
#marijuana,#hempoil,Undirected,0,1,0.0
#marijuana,#marijuana,Undirected,0,1,0.0
#marijuana,#ptsd,Undirected,0,1,0.0
#marinelines,#mumbai,Undirected,1,1,1.0
#markets,#money,Undirected,0,1,0.0
#media420,#papicongress,Undirected,1,1,1.0
#medinah,#17,Undirected,1,1,1.0
#medinah,#imkeepingmydayjob,Undirected,1,1,1.0
#meet,#sex,Undirected,0,1,0.0
#menswear,#fashion,Undirected,0,1,0.0
#menswear,#urbanfashion,Undirected,0,1,0.0
#metal,#rt,Undirected,0,1,0.0
#metepec,#mexico,Undirected,1,1,1.0
#metepec,#mì¼sica,Undirected,2,2,1.0
#metepec,#nitclub,Undirected,1,1,1.0
#metro,#sms,Undirected,0,1,0.0
#metro,#wmata,Undirected,1,1,1.0
#mexico,#mì¼sica,Undirected,2,2,1.0
#mexico,#nitclub,Undirected,1,1,1.0
#mfrwauthor,#mgtab,Undirected,0,1,0.0
#mh370,#malaysiaairlines,Undirected,1,1,1.0
#mh370,#najibrazak,Undirected,1,1,1.0
#miami,#atlanta,Undirected,3,3,1.0
#miami,#casper,Undirected,3,3,1.0
#miami,#iraq,Undirected,1,1,1.0
#michelebachman,#globalwarming,Undirected,1,2,0.5
#military,#amreading,Undirected,0,1,0.0
#military,#environment,Undirected,0,2,0.0
#military,#injury,Undirected,0,1,0.0
#military,#kindle,Undirected,0,1,0.0
#military,#mom,Undirected,0,1,0.0
#military,#suspense,Undirected,0,1,0.0
#military,#talkradio,Undirected,0,1,0.0
#military,#thriller,Undirected,0,1,0.0
#military,#veterans,Undirected,0,2,0.0
#millcityio,#20150613,Undirected,1,1,1.0
#milledgeville,#gawx,Undirected,1,1,1.0
#missionhills,#hiring,Undirected,0,1,0.0
#missionhills,#job,Undirected,0,1,0.0
#missionhills,#jobs,Undirected,0,1,0.0
#missionhills,#nursing,Undirected,0,2,0.0
#mix,#preparedness,Undirected,1,1,1.0
#mlb,#bluejays,Undirected,0,1,0.0
#mn,#theresmorewherethatcamefrom,Undirected,0,1,0.0
#models,#mayhem,Undirected,0,4,0.0
#modestmouseremix,#truestory,Undirected,0,1,0.0
#modi,#chawalchorbjp,Undirected,1,1,1.0
#mom,#talkradio,Undirected,0,1,0.0
#momneedscoffee,#asap,Undirected,0,1,0.0
#momneedscoffee,#iwontmakeit,Undirected,0,1,0.0
#money,#business,Undirected,0,1,0.0
#money,#forex,Undirected,0,1,0.0
#money,#gold,Undirected,0,1,0.0
#money,#silver,Undirected,0,1,0.0
#money,#trading,Undirected,0,1,0.0
#mothernature,#hailstorm,Undirected,1,1,1.0
#mothernature,#killhard,Undirected,1,1,1.0
#mothernature,#rain,Undirected,1,1,1.0
#mothernature,#yycfringe,Undirected,1,1,1.0
#movietheatre,#615,Undirected,1,1,1.0
#moving2k15,#expertwhiner,Undirected,0,1,0.0
#mpers,#safety,Undirected,0,1,0.0
#mrrobinson,#thesteveharveyshow,Undirected,0,1,0.0
#mta,#sorrybutitstrue,Undirected,0,1,0.0
#mtvsummerstar,#mtvhottest,Undirected,0,1,0.0
#mtvsummerstar,#videoveranomtv,Undirected,0,1,0.0
#muaytai,#strong,Undirected,0,1,0.0
#muaytai,#wantmyabsback,Undirected,0,1,0.0
#mudslide,#gbbo,Undirected,1,1,1.0
#mumbailocals,#lessonforlife,Undirected,1,1,1.0
#mumbailocals,#marinelines,Undirected,1,1,1.0
#mumbailocals,#mumbai,Undirected,1,1,1.0
#mumbairiot92,#chawalchorbjp,Undirected,1,1,1.0
#mumbairiot92,#modi,Undirected,1,1,1.0
#murfreesboro,#walmart,Undirected,1,1,1.0
#music,#playlist,Undirected,0,1,0.0
#music,#youtube,Undirected,0,1,0.0
#myanmar,#genocide,Undirected,3,3,1.0
#myanmar,#prison,Undirected,3,3,1.0
#myanmar,#rohingya,Undirected,5,5,1.0
#myanmar,#sittwe,Undirected,5,5,1.0
#mystery,#paranormal,Undirected,0,1,0.0
#mì¼sica,#mì¼sica,Undirected,1,1,1.0
#nagasaki,#nuke,Undirected,1,1,1.0
#nagasaki,#otd,Undirected,1,1,1.0
#najibrazak,#malaysiaairlines,Undirected,1,1,1.0
#nar,#phuket,Undirected,1,1,1.0
#nar,#preparedness,Undirected,1,1,1.0
#nasa,#solar,Undirected,1,1,1.0
#nativehuman,#myreligion,Undirected,1,1,1.0
#natural,#anonymous,Undirected,1,1,1.0
#natural,#disaster,Undirected,1,1,1.0
#natural,#japanjapan,Undirected,1,1,1.0
#natural,#nuclear,Undirected,1,1,1.0
#natural,#nytimes,Undirected,1,1,1.0
#natural,#us,Undirected,1,1,1.0
#nature,#helsinki,Undirected,1,1,1.0
#nazis,#tubestrike,Undirected,0,1,0.0
#nazis,#uk,Undirected,0,1,0.0
#nba,#durant,Undirected,0,1,0.0
#nc,#ok,Undirected,2,2,1.0
#nestleindia,#ban,Undirected,2,3,0.6666666666666666
#nestleindia,#humanconsumption,Undirected,2,3,0.6666666666666666
#nestleindia,#magginoodle,Undirected,2,3,0.6666666666666666
#netlabel,#ccmusic,Undirected,0,1,0.0
#netlabel,#electronicmusic,Undirected,0,1,0.0
#netlabel,#listen,Undirected,0,1,0.0
#nevada,#drought,Undirected,1,1,1.0
#nevada,#nv,Undirected,1,1,1.0
#news,#africa,Undirected,3,3,1.0
#news,#algeria,Undirected,1,1,1.0
#news,#an247,Undirected,1,1,1.0
#news,#ap,Undirected,3,3,1.0
#news,#apple,Undirected,1,1,1.0
#news,#aus,Undirected,0,1,0.0
#news,#bbc,Undirected,4,7,0.5714285714285714
#news,#bjp,Undirected,6,6,1.0
#news,#breakingnews,Undirected,1,1,1.0
#news,#check,Undirected,1,1,1.0
#news,#chile,Undirected,0,1,0.0
#news,#cnbc,Undirected,0,1,0.0
#news,#cnn,Undirected,4,7,0.5714285714285714
#news,#courts,Undirected,1,1,1.0
#news,#crimes,Undirected,1,1,1.0
#news,#dna,Undirected,1,1,1.0
#news,#entrepreneur,Undirected,1,1,1.0
#news,#fb100,Undirected,1,1,1.0
#news,#follow,Undirected,1,1,1.0
#news,#god,Undirected,4,7,0.5714285714285714
#news,#hiroshima,Undirected,1,1,1.0
#news,#hostages,Undirected,3,3,1.0
#news,#hotnewscake,Undirected,0,1,0.0
#news,#india,Undirected,3,3,1.0
#news,#indie,Undirected,1,1,1.0
#news,#isis,Undirected,4,7,0.5714285714285714
#news,#islam,Undirected,4,7,0.5714285714285714
#news,#japan,Undirected,1,1,1.0
#news,#justice,Undirected,1,1,1.0
#news,#libya,Undirected,3,3,1.0
#news,#lies,Undirected,4,7,0.5714285714285714
#news,#life,Undirected,1,1,1.0
#news,#mh370,Undirected,1,1,1.0
#news,#mobile,Undirected,1,1,1.0
#news,#ndtv,Undirected,1,1,1.0
#news,#news,Undirected,3,3,1.0
#news,#nri,Undirected,3,3,1.0
#news,#phone,Undirected,1,1,1.0
#news,#playoffs,Undirected,0,1,0.0
#news,#quran,Undirected,4,7,0.5714285714285714
#news,#science,Undirected,1,1,1.0
#news,#smallbusiness,Undirected,1,1,1.0
#news,#tafs,Undirected,1,1,1.0
#news,#tcot,Undirected,1,1,1.0
#news,#tdp,Undirected,6,6,1.0
#news,#tech,Undirected,1,1,1.0
#news,#terrorism,Undirected,7,10,0.7
#news,#til_now,Undirected,2,3,0.6666666666666666
#news,#topstories,Undirected,1,1,1.0
#news,#trs,Undirected,6,6,1.0
#news,#truth,Undirected,4,7,0.5714285714285714
#news,#ts,Undirected,3,3,1.0
#newsdict,#chile,Undirected,0,1,0.0
#newsdict,#news,Undirected,0,1,0.0
#newswatch,#ptbo,Undirected,2,2,1.0
#newyork,#atlanta,Undirected,1,1,1.0
#newyork,#casper,Undirected,1,1,1.0
#newyork,#iraq,Undirected,1,1,1.0
#newyork,#miami,Undirected,1,1,1.0
#nffc,#don,Undirected,1,1,1.0
#nfl,#news,Undirected,0,1,0.0
#nfl,#playoffs,Undirected,0,1,0.0
#nhl,#hockey,Undirected,0,1,0.0
#nhlducks,#sportsroadhouse,Undirected,0,1,0.0
#nieuws,#radio,Undirected,0,1,0.0
#nigeria,#africa,Undirected,1,1,1.0
#nigeria,#au,Undirected,1,1,1.0
#nigeria,#ca,Undirected,1,1,1.0
#nigeria,#de,Undirected,1,1,1.0
#nigeria,#jp,Undirected,1,1,1.0
#nigeria,#uk,Undirected,1,1,1.0
#nightbeat,#2minutemix,Undirected,1,1,1.0
#nitclub,#mì¼sica,Undirected,2,2,1.0
#njturnpike,#njturnpike,Undirected,1,1,1.0
#noirandeal,#tedcruz2016,Undirected,1,1,1.0
#nonucleariran,#badirandeal,Undirected,0,1,0.0
#nook,#books,Undirected,0,1,0.0
#nook,#thebachelorette,Undirected,0,1,0.0
#northerncalifornia,#zippednews,Undirected,1,1,1.0
#notgoingoutinthat,#alberta,Undirected,1,1,1.0
#notgoingoutinthat,#hailstorm,Undirected,1,1,1.0
#now,#biblestudy,Undirected,0,1,0.0
#now,#wdyouth,Undirected,0,1,0.0
#nowplay,#listen,Undirected,1,1,1.0
#nowplay,#radio,Undirected,1,1,1.0
#nowplaying,#crush,Undirected,0,1,0.0
#nowplaying,#edm,Undirected,0,1,0.0
#nowplaying,#gardens,Undirected,1,1,1.0
#nowplaying,#internet,Undirected,0,1,0.0
#nowplaying,#les,Undirected,1,1,1.0
#nowplaying,#listen,Undirected,0,2,0.0
#nowplaying,#listenlive,Undirected,0,2,0.0
#nowplaying,#live,Undirected,0,1,0.0
#nowplaying,#nieuws,Undirected,0,1,0.0
#nowplaying,#nowplaying,Undirected,0,1,0.0
#nowplaying,#nyc,Undirected,1,1,1.0
#nowplaying,#orchardalley,Undirected,1,1,1.0
#nowplaying,#q99,Undirected,0,1,0.0
#nowplaying,#radio,Undirected,0,1,0.0
#nowplaying,#wzbt,Undirected,0,1,0.0
#nri,#bjp,Undirected,3,3,1.0
#nri,#news,Undirected,3,3,1.0
#nri,#tdp,Undirected,3,3,1.0
#nri,#trs,Undirected,3,3,1.0
#nsfw,#asian,Undirected,0,1,0.0
#nsfw,#ass,Undirected,0,1,0.0
#nsfw,#boobs,Undirected,0,1,0.0
#nsfw,#milf,Undirected,0,1,0.0
#nsfw,#nude,Undirected,0,1,0.0
#nsfw,#porn,Undirected,0,1,0.0
#nsfw,#pussy,Undirected,0,1,0.0
#nuclear,#afp,Undirected,1,1,1.0
#nuclear,#annonymous,Undirected,1,1,1.0
#nuclear,#anonymous,Undirected,1,1,1.0
#nuclear,#disaster,Undirected,1,1,1.0
#nuclear,#failure,Undirected,1,1,1.0
#nuclear,#guardian,Undirected,2,2,1.0
#nuclear,#innovation,Undirected,0,1,0.0
#nuclear,#irannucleardeal,Undirected,1,1,1.0
#nuclear,#japan,Undirected,2,2,1.0
#nuclear,#minamisoma,Undirected,1,1,1.0
#nuclear,#nytimes,Undirected,3,3,1.0
#nuclear,#reuters,Undirected,1,1,1.0
#nuclear,#sanonofre,Undirected,1,1,1.0
#nuclear,#us,Undirected,1,2,0.5
#nuclear,#wps,Undirected,1,1,1.0
#nursing,#hiring,Undirected,0,3,0.0
#nursing,#houston,Undirected,1,1,1.0
#nursing,#job,Undirected,0,4,0.0
#nursing,#jobs,Undirected,0,3,0.0
#nursing,#olympia,Undirected,1,1,1.0
#nursing,#torrance,Undirected,0,1,0.0
#nv,#co,Undirected,1,1,1.0
#nv,#or,Undirected,1,1,1.0
#nv,#ut,Undirected,1,1,1.0
#nws,#ar,Undirected,1,1,1.0
#nws,#nc,Undirected,1,1,1.0
#nws,#ok,Undirected,1,1,1.0
#nws,#thunderstorm,Undirected,1,1,1.0
#nwt,#yzf,Undirected,1,1,1.0
#ny,#news,Undirected,1,1,1.0
#nyc,#gardens,Undirected,1,1,1.0
#nyc,#news,Undirected,1,1,1.0
#nyc,#newyork,Undirected,1,1,1.0
#nytimes,#reuters,Undirected,1,1,1.0
#nz,#hugomatz,Undirected,0,1,0.0
#nå¼36,#music,Undirected,0,1,0.0
#nå¼36,#playlist,Undirected,0,1,0.0
#nå¼36,#youtube,Undirected,0,1,0.0
#obama,#abc,Undirected,1,1,1.0
#obama,#bbc,Undirected,1,1,1.0
#obama,#bush,Undirected,1,1,1.0
#obama,#cbs,Undirected,1,1,1.0
#obama,#clinton,Undirected,1,1,1.0
#obama,#cnn,Undirected,1,1,1.0
#obama,#gop,Undirected,1,1,1.0
#obama,#iran,Undirected,1,1,1.0
#obama,#irannucleardeal,Undirected,1,1,1.0
#obama,#nuclear,Undirected,1,1,1.0
#obama,#wpo,Undirected,1,1,1.0
#obama,#wsj,Undirected,1,1,1.0
#offers2go,#ban,Undirected,2,3,0.6666666666666666
#offers2go,#humanconsumption,Undirected,2,3,0.6666666666666666
#offers2go,#magginoodle,Undirected,2,3,0.6666666666666666
#offers2go,#nestleindia,Undirected,2,3,0.6666666666666666
#offshore,#oil,Undirected,0,1,0.0
#oil,#business,Undirected,0,1,0.0
#oil,#cyber,Undirected,0,1,0.0
#oil,#ey,Undirected,0,1,0.0
#oil,#forex,Undirected,0,1,0.0
#oil,#gas,Undirected,0,1,0.0
#oil,#gold,Undirected,0,1,0.0
#oil,#investing,Undirected,0,1,0.0
#oil,#money,Undirected,0,1,0.0
#oil,#silver,Undirected,0,1,0.0
#oil,#trading,Undirected,0,1,0.0
#oilandgas,#gabon,Undirected,1,1,1.0
#oilandgas,#somalia,Undirected,1,1,1.0
#oklahoma,#durant,Undirected,0,1,0.0
#oklahoma,#nba,Undirected,0,1,0.0
#oklahoma,#thunder,Undirected,0,1,0.0
#omg,#accident,Undirected,1,1,1.0
#omg,#airplane,Undirected,1,1,1.0
#omg,#boing,Undirected,1,1,1.0
#omg,#g90,Undirected,1,1,1.0
#omg,#jetengine,Undirected,1,1,1.0
#omg,#rip,Undirected,1,1,1.0
#omg,#turbojet,Undirected,1,1,1.0
#onlinecommunities,#amageddon,Undirected,1,2,0.5
#onlinecommunities,#business,Undirected,1,1,1.0
#onlinecommunities,#freespeech,Undirected,1,2,0.5
#onlinecommunities,#reddit,Undirected,1,3,0.3333333333333333
#oocvg,#ftw,Undirected,0,1,0.0
#ootd,#doubleghats,Undirected,0,1,0.0
#orchardalley,#gardens,Undirected,1,1,1.0
#orchardalley,#les,Undirected,1,1,1.0
#orchardalley,#nyc,Undirected,1,1,1.0
#orcot,#orpol,Undirected,0,1,0.0
#oregon,#easternoregon,Undirected,1,1,1.0
#otrametlife,#mtvhottest,Undirected,0,1,0.0
#ovofest,#nowplaying,Undirected,0,1,0.0
#ovofest,#ziphimup,Undirected,0,1,0.0
#p2,#news,Undirected,0,1,0.0
#pakistan,#365disasters,Undirected,1,1,1.0
#pakistan,#act,Undirected,0,1,0.0
#pakistan,#anti,Undirected,0,1,0.0
#pakistan,#dua,Undirected,1,1,1.0
#pakistan,#endconflict,Undirected,1,1,1.0
#pakistan,#endoccupation,Undirected,1,1,1.0
#pakistan,#freekashmir,Undirected,1,1,1.0
#pakistan,#india,Undirected,1,1,1.0
#pakistan,#news,Undirected,2,2,1.0
#palermo,#children,Undirected,1,1,1.0
#palermo,#deaths,Undirected,1,1,1.0
#palermo,#shipwreck,Undirected,1,1,1.0
#palestine,#israel,Undirected,1,1,1.0
#palestinian,#israeli,Undirected,1,1,1.0
#palestinian,#refugee,Undirected,1,1,1.0
#palmoil,#forest,Undirected,1,1,1.0
#palmoil,#indonesia,Undirected,1,1,1.0
#paramedic,#ems,Undirected,1,2,0.5
#paramedics,#ambulance,Undirected,0,1,0.0
#parents,#lava,Undirected,0,1,0.0
#parents,#waterboarding,Undirected,0,1,0.0
#pathogen,#bioterrorism,Undirected,0,1,0.0
#pathogen,#ebola,Undirected,0,1,0.0
#pathogen,#infectious,Undirected,0,1,0.0
#patriots,#cantmakeitup,Undirected,0,1,0.0
#patriots,#patriotsnation,Undirected,0,1,0.0
#pbs,#iraq,Undirected,1,1,1.0
#people,#alps,Undirected,1,1,1.0
#people,#italian,Undirected,1,1,1.0
#people,#killed,Undirected,1,1,1.0
#people,#landslide,Undirected,1,1,1.0
#people,#rainstorm,Undirected,1,1,1.0
#personalinjury,#otleyhour,Undirected,0,1,0.0
#personalinjury,#solicitor,Undirected,0,1,0.0
#pets,#animals,Undirected,0,1,0.0
#pets,#dogs,Undirected,0,1,0.0
#pets,#puppy,Undirected,0,1,0.0
#philippines,#disaster,Undirected,1,1,1.0
#philippines,#disasterrecovery,Undirected,1,1,1.0
#philippines,#livelihood,Undirected,1,1,1.0
#phoenix,#ariz,Undirected,1,1,1.0
#phoenix,#arizona,Undirected,0,1,0.0
#phoenix,#atlanta,Undirected,3,3,1.0
#phoenix,#casper,Undirected,3,3,1.0
#phoenix,#iraq,Undirected,1,1,1.0
#phoenix,#miami,Undirected,3,3,1.0
#phoenix,#newyork,Undirected,1,1,1.0
#phone,#apple,Undirected,1,1,1.0
#phone,#gaming,Undirected,0,1,0.0
#phone,#mobile,Undirected,1,1,1.0
#phone,#news,Undirected,0,1,0.0
#phone,#tv,Undirected,0,1,0.0
#photo,#art,Undirected,1,2,0.5
#photo,#hampshire,Undirected,1,2,0.5
#photo,#photography,Undirected,1,2,0.5
#photo,#southdowns,Undirected,1,2,0.5
#photo,#tree,Undirected,1,2,0.5
#photo,#treeporn,Undirected,1,2,0.5
#photo,#treescape,Undirected,0,1,0.0
#photo,#winter,Undirected,1,2,0.5
#photography,#0215,Undirected,0,1,0.0
#photography,#art,Undirected,1,2,0.5
#photography,#arts,Undirected,1,1,1.0
#photography,#pod,Undirected,1,1,1.0
#photography,#tree,Undirected,1,2,0.5
#photography,#treeporn,Undirected,1,2,0.5
#photography,#treescape,Undirected,0,1,0.0
#photography,#volcano,Undirected,1,1,1.0
#phuket,#preparedness,Undirected,1,1,1.0
#picthis,#toronto,Undirected,0,1,0.0
#pilot,#accident,Undirected,1,1,1.0
#pilot,#carfest,Undirected,1,1,1.0
#pilot,#death,Undirected,1,1,1.0
#piperwearsthepants,#charmed,Undirected,0,1,0.0
#pitmix,#banksy,Undirected,0,1,0.0
#pitmix,#brixton,Undirected,0,1,0.0
#pitmix,#happy,Undirected,0,1,0.0
#pitmix,#mybabies,Undirected,0,1,0.0
#pitmix,#rescued,Undirected,0,1,0.0
#pjnet,#ccot,Undirected,0,1,0.0
#pjnet,#tcotåê,Undirected,0,1,0.0
#plague,#health,Undirected,1,1,1.0
#plague,#publichealth,Undirected,1,1,1.0
#plannedparenthood,#standwithpp,Undirected,0,1,0.0
#playingnow,#bloodbound,Undirected,0,1,0.0
#playlist,#youtube,Undirected,0,1,0.0
#politics,#twia,Undirected,0,1,0.0
#politics,#txlege,Undirected,0,1,0.0
#pop2015,#music,Undirected,0,1,0.0
#pop2015,#nå¼36,Undirected,0,1,0.0
#pop2015,#playlist,Undirected,0,1,0.0
#pop2015,#youtube,Undirected,0,1,0.0
#porn,#adult,Undirected,0,1,0.0
#porn,#clip,Undirected,0,1,0.0
#porn,#free,Undirected,0,1,0.0
#porn,#milf,Undirected,0,1,0.0
#porn,#porno,Undirected,0,1,0.0
#porn,#rt,Undirected,0,1,0.0
#porn,#sex,Undirected,0,1,0.0
#porn,#tube,Undirected,0,1,0.0
#porn,#video,Undirected,0,1,0.0
#porno,#free,Undirected,0,1,0.0
#poster,#cuff,Undirected,0,1,0.0
#poster,#ergo,Undirected,0,1,0.0
#potus,#irandeal,Undirected,1,1,1.0
#potus,#isis,Undirected,1,1,1.0
#poze,#thehobbit,Undirected,0,1,0.0
#pp15000266818,#pdx911,Undirected,0,1,0.0
#pp15000266858,#pdx911,Undirected,1,1,1.0
#prebreak,#best,Undirected,13,30,0.43333333333333335
#preppers,#2a,Undirected,0,1,0.0
#preppers,#doomsday,Undirected,0,1,0.0
#preppers,#prepper,Undirected,0,1,0.0
#preppers,#preppertalk,Undirected,0,1,0.0
#preppers,#shtf,Undirected,0,1,0.0
#preppers,#survival,Undirected,0,1,0.0
#preppertalk,#2a,Undirected,0,1,0.0
#preppertalk,#prepper,Undirected,0,1,0.0
#preppertalk,#survival,Undirected,0,1,0.0
#preventative,#cts,Undirected,0,1,0.0
#priceless,#gbbo,Undirected,0,1,0.0
#prison,#genocide,Undirected,3,3,1.0
#procedures,#06,Undirected,0,1,0.0
#procedures,#09,Undirected,0,1,0.0
#procedures,#24,Undirected,0,1,0.0
#professional,#help,Undirected,1,1,1.0
#programs,#komen,Undirected,1,1,1.0
#property,#storm,Undirected,1,1,1.0
#prophetmuhammad,#islam,Undirected,2,6,0.3333333333333333
#psd,#special,Undirected,1,1,1.0
#psd,#world,Undirected,1,1,1.0
#ptsd,#cannabis,Undirected,0,1,0.0
#ptsd,#hempoil,Undirected,0,1,0.0
#ptsd,#marijuana,Undirected,0,1,0.0
#puppy,#banksy,Undirected,0,1,0.0
#puppy,#brixton,Undirected,0,1,0.0
#puppy,#happy,Undirected,0,1,0.0
#puppy,#mybabies,Undirected,0,1,0.0
#puppy,#pitmix,Undirected,0,1,0.0
#puppy,#rescued,Undirected,0,1,0.0
#pussy,#asian,Undirected,0,1,0.0
#pussy,#ass,Undirected,0,1,0.0
#pussy,#boobs,Undirected,0,1,0.0
#pussy,#nude,Undirected,0,1,0.0
#qew,#niagara,Undirected,1,1,1.0
#queens,#fanarmyfaceoff,Undirected,0,1,0.0
#queenswharf,#brisbane,Undirected,0,1,0.0
#quoteoftheday,#disney,Undirected,0,1,0.0
#quoteoftheday,#waltdisney,Undirected,0,1,0.0
#quran,#lies,Undirected,4,7,0.5714285714285714
#radiation,#06,Undirected,0,1,0.0
#radiation,#09,Undirected,0,1,0.0
#radiation,#24,Undirected,0,1,0.0
#radiation,#emergency,Undirected,0,1,0.0
#radiation,#procedures,Undirected,0,1,0.0
#radio,#ccmusic,Undirected,0,1,0.0
#radio,#electronicmusic,Undirected,0,1,0.0
#radio,#listen,Undirected,0,1,0.0
#radio,#netlabel,Undirected,0,1,0.0
#radio,#news,Undirected,0,1,0.0
#rain,#drought,Undirected,0,1,0.0
#rain,#killhard,Undirected,1,1,1.0
#rain,#scwx,Undirected,0,1,0.0
#rain,#yycfringe,Undirected,1,1,1.0
#raining,#flooding,Undirected,1,1,1.0
#raining,#florida,Undirected,1,1,1.0
#raining,#tampa,Undirected,1,1,1.0
#raining,#tampabay,Undirected,1,1,1.0
#rainstorm,#alps,Undirected,1,1,1.0
#rainstorm,#italian,Undirected,1,1,1.0
#rainstorm,#landslide,Undirected,1,1,1.0
#ramag,#fashion,Undirected,0,4,0.0
#ramag,#mayhem,Undirected,0,4,0.0
#ramag,#models,Undirected,0,4,0.0
#rapidcity,#cheyenne,Undirected,2,2,1.0
#rapidcity,#seattle,Undirected,2,2,1.0
#red,#redblood,Undirected,0,1,0.0
#red,#videoclip,Undirected,0,1,0.0
#redblood,#videoclip,Undirected,0,1,0.0
#reddit,#amageddon,Undirected,1,2,0.5
#reddit,#business,Undirected,1,1,1.0
#reddit,#content,Undirected,1,1,1.0
#reddit,#freespeech,Undirected,1,2,0.5
#reddit,#policy,Undirected,1,1,1.0
#refugee,#israeli,Undirected,1,1,1.0
#refugees,#afp,Undirected,1,1,1.0
#refugees,#christianvalues,Undirected,0,1,0.0
#refugees,#guardian,Undirected,1,1,1.0
#refugees,#japan,Undirected,1,1,1.0
#refugees,#nuclear,Undirected,1,1,1.0
#refugees,#nytimes,Undirected,1,1,1.0
#refugees,#wedding,Undirected,0,1,0.0
#refugees,#wps,Undirected,1,1,1.0
#refugeesmatter,#syria,Undirected,1,1,1.0
#reidlake,#nwt,Undirected,1,1,1.0
#reidlake,#yzf,Undirected,1,1,1.0
#remymarcel,#frofrofro,Undirected,0,1,0.0
#rescue,#911,Undirected,1,1,1.0
#rescue,#sirens,Undirected,1,1,1.0
#rescue,#summertime,Undirected,1,1,1.0
#rescued,#banksy,Undirected,0,1,0.0
#rescued,#brixton,Undirected,0,1,0.0
#rescued,#happy,Undirected,0,1,0.0
#rescued,#mybabies,Undirected,0,1,0.0
#residualincome,#mlm,Undirected,0,1,0.0
#revitup,#pizzarev,Undirected,1,1,1.0
#rewatchingthepilot,#cyclone,Undirected,0,1,0.0
#rewatchingthepilot,#teamscorpion,Undirected,0,1,0.0
#richhomeydon,#likes,Undirected,0,1,0.0
#richhomeydon,#swag,Undirected,0,1,0.0
#richhomeydon,#usa,Undirected,0,1,0.0
#rickperry,#gopdebate,Undirected,0,1,0.0
#riot,#blowmandyup,Undirected,0,3,0.0
#rioting,#undergroundrailraod,Undirected,1,2,0.5
#rioting,#yahistorical,Undirected,1,2,0.5
#rip,#accident,Undirected,1,1,1.0
#rip,#airplane,Undirected,1,1,1.0
#rip,#binladen,Undirected,1,1,1.0
#rip,#boing,Undirected,1,1,1.0
#rip,#g90,Undirected,1,1,1.0
#rip,#jetengine,Undirected,1,1,1.0
#rip,#turbojet,Undirected,1,1,1.0
#rn,#emergency,Undirected,0,1,0.0
#rn,#henderson,Undirected,0,1,0.0
#rn,#jobs,Undirected,0,1,0.0
#robertcalifornia,#thereisonlysex,Undirected,0,1,0.0
#roberts,#russia,Undirected,1,1,1.0
#robot,#innovation,Undirected,0,1,0.0
#robot,#nuclear,Undirected,0,1,0.0
#robotcoingame,#bitcoin,Undirected,0,1,0.0
#robotcoingame,#freebitcoin,Undirected,0,1,0.0
#rochdale,#heywood,Undirected,1,1,1.0
#rock,#comingsoon,Undirected,1,1,1.0
#rockin,#artistsunited,Undirected,0,3,0.0
#rockyfire,#cafire,Undirected,1,1,1.0
#rockyfire,#wildfires,Undirected,1,1,1.0
#roh3,#alrasyid448iturasya,Undirected,0,1,0.0
#roh3,#jfb,Undirected,0,1,0.0
#roh3,#roh3smantibatam,Undirected,0,1,0.0
#roh3,#tfb,Undirected,0,1,0.0
#roh3,#us,Undirected,0,1,0.0
#rohingya,#genocide,Undirected,3,3,1.0
#rohingya,#kyee,Undirected,1,1,1.0
#rohingya,#prison,Undirected,3,3,1.0
#rohingya,#sittwe,Undirected,5,5,1.0
#roimentor,#yycwalks,Undirected,1,1,1.0
#romance,#1008pla,Undirected,0,1,0.0
#romance,#1008planet,Undirected,0,1,0.0
#romance,#apocalypse,Undirected,0,2,0.0
#romance,#armageddon,Undirected,0,2,0.0
#romance,#astrology,Undirected,0,2,0.0
#romance,#lotz,Undirected,0,2,0.0
#romance,#rtrrt,Undirected,0,2,0.0
#romance,#seduction,Undirected,0,2,0.0
#romance,#voodoo,Undirected,0,2,0.0
#round2,#yyc,Undirected,1,1,1.0
#round2,#yycstorm,Undirected,1,1,1.0
#rt,#adult,Undirected,0,1,0.0
#rt,#sex,Undirected,0,1,0.0
#rt,#tube,Undirected,0,1,0.0
#rt_4_a_mention,#ty,Undirected,0,1,0.0
#rtrrt,#1008pla,Undirected,0,1,0.0
#rtrrt,#1008planet,Undirected,0,1,0.0
#rtrrt,#apocalypse,Undirected,0,2,0.0
#rtrrt,#armageddon,Undirected,0,2,0.0
#rtrrt,#lotz,Undirected,0,2,0.0
#runway,#accident,Undirected,1,1,1.0
#runway,#freaky,Undirected,1,1,1.0
#russian,#cossack,Undirected,0,1,0.0
#russian,#news,Undirected,0,1,0.0
#russian,#ushanka,Undirected,0,1,0.0
#rwa,#rrbc,Undirected,0,1,0.0
#rwa,#tw4rw,Undirected,0,1,0.0
#sad,#crash,Undirected,1,1,1.0
#sad,#innocent,Undirected,1,1,1.0
#sad,#mh370,Undirected,1,1,1.0
#sad,#tragedy,Undirected,1,1,1.0
#sale,#mfrwauthor,Undirected,0,1,0.0
#sale,#mgtab,Undirected,0,1,0.0
#sandiego,#algeria,Undirected,1,1,1.0
#sandiego,#news,Undirected,1,1,1.0
#santaclara,#bayarea,Undirected,1,1,1.0
#santaclara,#traffic,Undirected,1,1,1.0
#saudi,#abha,Undirected,1,1,1.0
#saudi,#israel,Undirected,1,1,1.0
#saudi,#libya,Undirected,1,1,1.0
#saudi,#tripoli,Undirected,1,1,1.0
#saudi,#wahhabism,Undirected,1,1,1.0
#saudi,#zionism,Undirected,1,1,1.0
#sbnation,#flames,Undirected,0,1,0.0
#scichat,#science,Undirected,1,1,1.0
#science,#life,Undirected,1,1,1.0
#science,#tech,Undirected,1,1,1.0
#scifi,#kindle,Undirected,0,1,0.0
#scwx,#drought,Undirected,0,1,0.0
#seagulls,#triciaoneill,Undirected,1,1,1.0
#seagulls,#triciaoneillphoto,Undirected,1,1,1.0
#seattle,#chemical,Undirected,0,1,0.0
#seattle,#cheyenne,Undirected,2,2,1.0
#seattle,#dependency,Undirected,0,1,0.0
#seattle,#job,Undirected,0,1,0.0
#seattle,#jobs,Undirected,0,5,0.0
#seattle,#nursing,Undirected,0,1,0.0
#seaworld,#opseaworld,Undirected,1,1,1.0
#security,#terrorism,Undirected,1,1,1.0
#seduction,#1008pla,Undirected,0,1,0.0
#seduction,#1008planet,Undirected,0,1,0.0
#seduction,#apocalypse,Undirected,0,2,0.0
#seduction,#armageddon,Undirected,0,2,0.0
#seduction,#astrology,Undirected,0,2,0.0
#seduction,#lotz,Undirected,0,2,0.0
#seduction,#rtrrt,Undirected,0,2,0.0
#seismic,#offshore,Undirected,0,1,0.0
#seismic,#oil,Undirected,0,1,0.0
#setting4success,#entrepreneur,Undirected,1,1,1.0
#setting4success,#news,Undirected,1,1,1.0
#setting4success,#smallbusiness,Undirected,1,1,1.0
#sex,#free,Undirected,0,1,0.0
#sex,#porn,Undirected,0,1,0.0
#sex,#porno,Undirected,0,1,0.0
#sex,#tube,Undirected,0,1,0.0
#sex,#video,Undirected,0,1,0.0
#shanghai,#china,Undirected,0,1,0.0
#shantae,#nintendo,Undirected,0,1,0.0
#shantae,#shantaehalfgeniehero,Undirected,0,1,0.0
#shantaeforsmash,#nintendo,Undirected,0,1,0.0
#shantaeforsmash,#shantae,Undirected,0,1,0.0
#shantaeforsmash,#shantaehalfgeniehero,Undirected,0,1,0.0
#shantaehalfgeniehero,#nintendo,Undirected,0,1,0.0
#shape,#shoe,Undirected,1,1,1.0
#she,#back,Undirected,0,1,0.0
#shelli,#bb17,Undirected,0,2,0.0
#shipping,#logistics,Undirected,1,1,1.0
#shipwreck,#children,Undirected,1,1,1.0
#shipwreck,#deaths,Undirected,1,1,1.0
#shooting,#police,Undirected,1,1,1.0
#shop,#jobs,Undirected,0,1,0.0
#shop,#vancouver,Undirected,0,1,0.0
#shtf,#2a,Undirected,0,1,0.0
#shtf,#prepper,Undirected,0,1,0.0
#shtf,#preppertalk,Undirected,0,1,0.0
#shtf,#survival,Undirected,0,1,0.0
#silver,#business,Undirected,0,1,0.0
#silverwood,#aftershock,Undirected,0,1,0.0
#simple,#alaskaseafood,Undirected,0,1,0.0
#simple,#askforalaska,Undirected,0,1,0.0
#sing,#computer,Undirected,0,2,0.0
#sing,#tsunami,Undirected,0,2,0.0
#sinjar,#atlanta,Undirected,1,1,1.0
#sinjar,#casper,Undirected,1,1,1.0
#sinjar,#ezidigenocide,Undirected,1,1,1.0
#sinjar,#iraq,Undirected,1,1,1.0
#sinjar,#is,Undirected,1,1,1.0
#sinjar,#miami,Undirected,1,1,1.0
#sinjar,#newyork,Undirected,1,1,1.0
#sinjar,#phoenix,Undirected,1,1,1.0
#sinjar,#yazidi,Undirected,2,2,1.0
#sinjar,#yazidi_shingal_genocide,Undirected,1,1,1.0
#sinjar,#yazidis,Undirected,1,1,1.0
#sinkhole,#avalanche,Undirected,1,1,1.0
#sinkhole,#emsc,Undirected,1,1,1.0
#sinkhole,#france,Undirected,1,1,1.0
#sinkhole,#landslide,Undirected,1,1,1.0
#sinkhole,#piling,Undirected,0,1,0.0
#sinkhole,#uk,Undirected,1,1,1.0
#sinkhole,#usa,Undirected,1,1,1.0
#sinkhole,#usgs,Undirected,1,1,1.0
#sinking,#twins,Undirected,0,1,0.0
#sismo,#cs,Undirected,1,2,0.5
#sismo,#csismica,Undirected,1,1,1.0
#sismo,#japì_n,Undirected,4,4,1.0
#sittwe,#genocide,Undirected,3,3,1.0
#sittwe,#prison,Undirected,3,3,1.0
#skinny,#workout,Undirected,0,1,0.0
#skywarn,#okwx,Undirected,1,1,1.0
#slab,#labour,Undirected,0,1,0.0
#slab,#labourleadership,Undirected,0,1,0.0
#smallbiz,#business,Undirected,0,1,0.0
#smallbiz,#startup,Undirected,0,1,0.0
#smallbusiness,#entrepreneur,Undirected,1,1,1.0
#smarttek,#mpers,Undirected,0,1,0.0
#smarttek,#safety,Undirected,0,1,0.0
#snapchatselfie,#traumatised,Undirected,0,1,0.0
#snapchatselfie,#wrongperson,Undirected,0,1,0.0
#socal,#realhiphop,Undirected,1,1,1.0
#socialmedia,#strategy,Undirected,0,1,0.0
#solar,#fukushima,Undirected,1,1,1.0
#solar,#japanese,Undirected,1,1,1.0
#solicitor,#otleyhour,Undirected,0,1,0.0
#song,#preparedness,Undirected,0,1,0.0
#soothmyslumber,#populardemand,Undirected,0,1,0.0
#soothmyslumber,#watermeloann,Undirected,0,1,0.0
#soundcloud,#np,Undirected,0,1,0.0
#southdowns,#art,Undirected,1,2,0.5
#southdowns,#hampshire,Undirected,1,2,0.5
#southdowns,#photography,Undirected,1,2,0.5
#southdowns,#tree,Undirected,1,2,0.5
#southdowns,#treeporn,Undirected,1,2,0.5
#southdowns,#treescape,Undirected,0,1,0.0
#southdowns,#winter,Undirected,0,1,0.0
#spark,#preparedness,Undirected,0,1,0.0
#spark,#song,Undirected,0,1,0.0
#special,#world,Undirected,1,1,1.0
#spotlight,#wniagospel,Undirected,0,1,0.0
#squad,#pizzarev,Undirected,1,1,1.0
#squad,#revitup,Undirected,1,1,1.0
#sr14,#liveonk2,Undirected,1,1,1.0
#startrek,#tos,Undirected,0,1,0.0
#startup,#business,Undirected,0,1,0.0
#startups,#in,Undirected,0,1,0.0
#state,#bomb,Undirected,0,1,0.0
#state,#brochure,Undirected,0,1,0.0
#stephenking,#thedarktower,Undirected,0,1,0.0
#stlouis,#caraccidentlawyer,Undirected,0,1,0.0
#stoponesounds,#airwaves,Undirected,0,1,0.0
#storm,#apocalypse,Undirected,1,1,1.0
#strategicpatience,#genocide,Undirected,4,5,0.8
#style,#9973,Undirected,0,1,0.0
#summer,#calgary,Undirected,1,1,1.0
#summer,#crazyweather,Undirected,1,1,1.0
#summer,#hailstorm,Undirected,1,1,1.0
#summer,#yyc,Undirected,1,1,1.0
#summerinsweden,#dagens,Undirected,0,1,0.0
#summerinsweden,#dumle,Undirected,0,1,0.0
#summerinsweden,#katt,Undirected,0,1,0.0
#summerinsweden,#katterpì,Undirected,0,1,0.0
#summertime,#sirens,Undirected,1,1,1.0
#summervibes,#banksy,Undirected,0,1,0.0
#summervibes,#brixton,Undirected,0,1,0.0
#summervibes,#california,Undirected,0,1,0.0
#summervibes,#happy,Undirected,0,1,0.0
#summervibes,#mybabies,Undirected,0,1,0.0
#summervibes,#pitmix,Undirected,0,1,0.0
#summervibes,#puppy,Undirected,0,1,0.0
#summervibes,#rescued,Undirected,0,1,0.0
#sun,#earth,Undirected,0,1,0.0
#survival,#2a,Undirected,0,1,0.0
#survival,#prepper,Undirected,0,1,0.0
#survived,#cnv,Undirected,1,1,1.0
#suryaray,#india,Undirected,1,1,1.0
#suspense,#amreading,Undirected,0,1,0.0
#suspense,#kindle,Undirected,0,1,0.0
#swag,#likes,Undirected,0,1,0.0
#swag,#usa,Undirected,0,1,0.0
#swim,#lava,Undirected,0,1,0.0
#swim,#parents,Undirected,0,1,0.0
#swim,#waterboarding,Undirected,0,1,0.0
#sydney,#aus,Undirected,0,1,0.0
#sydney,#news,Undirected,0,1,0.0
#sydtraffic,#trafficnetwork,Undirected,1,1,1.0
#syria,#canada,Undirected,1,1,1.0
#syria,#us,Undirected,1,1,1.0
#syrian,#refugees,Undirected,0,1,0.0
#syrian,#wedding,Undirected,0,1,0.0
#tafs,#fb100,Undirected,1,1,1.0
#taiwan,#china,Undirected,1,1,1.0
#taiwan,#world,Undirected,1,1,1.0
#tampabay,#tampa,Undirected,1,1,1.0
#tarzana,#hiring,Undirected,0,1,0.0
#tarzana,#job,Undirected,0,1,0.0
#tarzana,#jobs,Undirected,0,1,0.0
#tarzana,#nursing,Undirected,0,1,0.0
#taxreturn,#cri,Undirected,0,1,0.0
#taxreturn,#identitytheft,Undirected,0,1,0.0
#tb,#throwback,Undirected,0,1,0.0
#tcot,#news,Undirected,0,1,0.0
#tcot,#p2,Undirected,0,1,0.0
#tcot,#radiation,Undirected,0,1,0.0
#tcotåê,#ccot,Undirected,0,1,0.0
#tdp,#bjp,Undirected,3,3,1.0
#team,#assassins,Undirected,0,1,0.0
#teamfollowback,#followback,Undirected,1,1,1.0
#teamhennessy,#nj,Undirected,0,1,0.0
#teamscorpion,#cyclone,Undirected,0,1,0.0
#teamsurvivors,#zombiefunrun2014,Undirected,0,1,0.0
#tech,#bitcoing,Undirected,1,1,1.0
#tech,#blockchain,Undirected,1,1,1.0
#tech,#news,Undirected,0,1,0.0
#technews,#puledo_tech_update,Undirected,0,1,0.0
#technology,#cool,Undirected,0,3,0.0
#technology,#puledo_tech_update,Undirected,0,1,0.0
#technology,#tech,Undirected,0,2,0.0
#technology,#technews,Undirected,0,1,0.0
#teen,#milf,Undirected,0,1,0.0
#teen,#nsfw,Undirected,0,1,0.0
#teen,#porn,Undirected,0,1,0.0
#tepco,#us,Undirected,1,1,1.0
#terror,#africa,Undirected,1,1,1.0
#terror,#au,Undirected,1,1,1.0
#terror,#ca,Undirected,1,1,1.0
#terror,#cameroon,Undirected,1,1,1.0
#terror,#de,Undirected,1,1,1.0
#terror,#es,Undirected,1,1,1.0
#terror,#fr,Undirected,1,1,1.0
#terror,#jp,Undirected,1,1,1.0
#terror,#nigeria,Undirected,1,1,1.0
#terror,#uk,Undirected,1,1,1.0
#terror,#usa,Undirected,1,1,1.0
#terror,#whitehouse,Undirected,1,1,1.0
#terrorism,#africa,Undirected,3,3,1.0
#terrorism,#ap,Undirected,3,3,1.0
#terrorism,#bjp,Undirected,3,3,1.0
#terrorism,#lies,Undirected,4,7,0.5714285714285714
#terrorism,#news,Undirected,3,3,1.0
#terrorism,#nri,Undirected,3,3,1.0
#terrorism,#quran,Undirected,4,7,0.5714285714285714
#terrorism,#tdp,Undirected,3,3,1.0
#terrorism,#trs,Undirected,3,3,1.0
#terrorism,#ts,Undirected,3,3,1.0
#terrorist,#bethlehem,Undirected,1,1,1.0
#terrorist,#palestinian,Undirected,1,1,1.0
#terrorist,#palestinians,Undirected,2,2,1.0
#tfb,#alrasyid448iturasya,Undirected,0,1,0.0
#tfb,#roh3smantibatam,Undirected,0,1,0.0
#tfb,#us,Undirected,0,1,0.0
#theconspiracytheory,#newep,Undirected,1,1,1.0
#thedoolinggroup,#breaking,Undirected,1,1,1.0
#theneeds,#recipes,Undirected,1,1,1.0
#thereal,#armageddon,Undirected,0,1,0.0
#thinkpink,#magichairbump,Undirected,0,1,0.0
#thomassmonson,#lds,Undirected,0,1,0.0
#thomassmonson,#mormon,Undirected,0,1,0.0
#thriller,#amreading,Undirected,0,1,0.0
#thriller,#kindle,Undirected,0,2,0.0
#thriller,#scifi,Undirected,0,1,0.0
#thriller,#suspense,Undirected,0,1,0.0
#thunder,#durant,Undirected,0,1,0.0
#thunder,#gawx,Undirected,1,1,1.0
#thunder,#helsinki,Undirected,1,1,1.0
#thunder,#lightning,Undirected,1,1,1.0
#thunder,#lightningstrike,Undirected,1,1,1.0
#thunder,#nature,Undirected,1,1,1.0
#thunder,#nba,Undirected,0,1,0.0
#thunder,#populardemand,Undirected,0,1,0.0
#thunder,#soothmyslumber,Undirected,0,1,0.0
#thunder,#thunderstorm,Undirected,1,1,1.0
#thunder,#watermeloann,Undirected,0,1,0.0
#thunderstorm,#ar,Undirected,2,2,1.0
#thunderstorm,#helsinki,Undirected,1,1,1.0
#thunderstorm,#nature,Undirected,1,1,1.0
#thunderstorm,#nc,Undirected,2,2,1.0
#thunderstorm,#ok,Undirected,2,2,1.0
#tigers,#china,Undirected,1,1,1.0
#tigers,#saveti,Undirected,1,1,1.0
#til_now,#cnbc,Undirected,0,1,0.0
#til_now,#dna,Undirected,1,1,1.0
#til_now,#ndtv,Undirected,1,1,1.0
#tna,#destinationimpact,Undirected,0,1,0.0
#tookitlikeaman,#lovemydentist,Undirected,0,1,0.0
#tookitlikeaman,#sore,Undirected,0,1,0.0
#topstories,#india,Undirected,1,1,1.0
#tornadogiveaway,#thebookclub,Undirected,0,1,0.0
#torrance,#hiring,Undirected,0,1,0.0
#tory,#g,Undirected,1,1,1.0
#tough,#crossfit,Undirected,0,1,0.0
#trading,#business,Undirected,0,1,0.0
#trading,#forex,Undirected,0,1,0.0
#trading,#gold,Undirected,0,1,0.0
#trading,#silver,Undirected,0,1,0.0
#tragedy,#crash,Undirected,1,1,1.0
#tragedy,#innocent,Undirected,1,1,1.0
#tragedy,#mh370,Undirected,1,1,1.0
#trapmusic,#dance,Undirected,0,7,0.0
#trapmusic,#dnb,Undirected,0,7,0.0
#trapmusic,#edm,Undirected,0,7,0.0
#trapmusic,#ices,Undirected,0,7,0.0
#tree,#treeporn,Undirected,1,2,0.5
#tree,#treescape,Undirected,0,1,0.0
#trees,#deep,Undirected,0,1,0.0
#trees,#forest,Undirected,0,1,0.0
#trees,#lake,Undirected,0,1,0.0
#treescape,#treeporn,Undirected,0,1,0.0
#tribal,#world,Undirected,0,1,0.0
#triciaoneill,#triciaoneillphoto,Undirected,1,1,1.0
#tripoli,#libya,Undirected,1,1,1.0
#trs,#bjp,Undirected,3,3,1.0
#trs,#tdp,Undirected,3,3,1.0
#truckcrash,#fortworth,Undirected,1,1,1.0
#truelove,#1008pla,Undirected,0,1,0.0
#truelove,#1008planet,Undirected,0,1,0.0
#truelove,#apocalypse,Undirected,0,2,0.0
#truelove,#armageddon,Undirected,0,2,0.0
#truelove,#astrology,Undirected,0,2,0.0
#truelove,#lotz,Undirected,0,2,0.0
#truelove,#romance,Undirected,0,2,0.0
#truelove,#rtrrt,Undirected,0,2,0.0
#truelove,#seduction,Undirected,0,2,0.0
#truelove,#voodoo,Undirected,0,2,0.0
#trump,#hardball,Undirected,0,1,0.0
#truth,#god,Undirected,4,7,0.5714285714285714
#truth,#isis,Undirected,4,7,0.5714285714285714
#truth,#lies,Undirected,4,7,0.5714285714285714
#truth,#quran,Undirected,4,7,0.5714285714285714
#truth,#terrorism,Undirected,4,7,0.5714285714285714
#ts,#bjp,Undirected,3,3,1.0
#ts,#news,Undirected,3,3,1.0
#ts,#nri,Undirected,3,3,1.0
#ts,#tdp,Undirected,3,3,1.0
#ts,#trs,Undirected,3,3,1.0
#tsunami,#computer,Undirected,0,2,0.0
#tubestrike,#coya,Undirected,0,1,0.0
#tubestrike,#london,Undirected,0,1,0.0
#tubestrike,#robertwelch,Undirected,0,1,0.0
#tuning,#diet,Undirected,0,1,0.0
#turbojet,#boing,Undirected,1,1,1.0
#turbojet,#g90,Undirected,1,1,1.0
#turkish,#refugees,Undirected,0,1,0.0
#turkish,#syrian,Undirected,0,1,0.0
#turkish,#wedding,Undirected,0,1,0.0
#tv,#news,Undirected,0,1,0.0
#tw4rw,#rrbc,Undirected,0,1,0.0
#twcnews,#ncwx,Undirected,1,1,1.0
#twist,#preparedness,Undirected,0,1,0.0
#txlege,#twia,Undirected,0,1,0.0
#udhampuragain,#udhampur,Undirected,1,1,1.0
#uk,#africa,Undirected,1,1,1.0
#uk,#au,Undirected,1,1,1.0
#uk,#ca,Undirected,1,1,1.0
#uk,#de,Undirected,1,1,1.0
#uk,#emsc,Undirected,1,1,1.0
#uk,#jp,Undirected,1,1,1.0
#uk,#tubestrike,Undirected,0,1,0.0
#uk,#ugc,Undirected,0,1,0.0
#uk,#usgs,Undirected,1,1,1.0
#ukfloods,#flooding,Undirected,1,1,1.0
#ultimalucha,#luchaunderground,Undirected,0,2,0.0
#unfml,#deluge,Undirected,0,1,0.0
#us,#anonymous,Undirected,1,1,1.0
#us,#canada,Undirected,1,1,1.0
#us,#nghlth,Undirected,1,1,1.0
#us,#nytimes,Undirected,1,1,1.0
#us,#roh3smantibatam,Undirected,0,1,0.0
#usa,#abandoned,Undirected,1,1,1.0
#usa,#africa,Undirected,1,1,1.0
#usa,#au,Undirected,1,1,1.0
#usa,#ca,Undirected,1,1,1.0
#usa,#de,Undirected,1,1,1.0
#usa,#emsc,Undirected,1,1,1.0
#usa,#es,Undirected,1,1,1.0
#usa,#evacuation,Undirected,1,1,1.0
#usa,#fr,Undirected,1,1,1.0
#usa,#france,Undirected,1,1,1.0
#usa,#jp,Undirected,1,1,1.0
#usa,#likes,Undirected,0,1,0.0
#usa,#nigeria,Undirected,1,1,1.0
#usa,#sustainability,Undirected,1,1,1.0
#usa,#uk,Undirected,2,2,1.0
#usa,#usgs,Undirected,1,1,1.0
#usa,#whitehouse,Undirected,1,1,1.0
#usar15,#ruor,Undirected,0,1,0.0
#usar2015,#ruor,Undirected,0,1,0.0
#usar2015,#usar15,Undirected,0,1,0.0
#usgs,#earthtwerk,Undirected,1,1,1.0
#usgs,#emsc,Undirected,1,1,1.0
#usgs,#sm,Undirected,2,3,0.6666666666666666
#ushanka,#military,Undirected,0,1,0.0
#ushanka,#winter,Undirected,0,1,0.0
#ut,#co,Undirected,1,1,1.0
#ut,#or,Undirected,1,1,1.0
#vaginaorcake,#gbbo,Undirected,1,1,1.0
#vancouver,#deadgrassandflowers,Undirected,1,1,1.0
#vancouver,#drought,Undirected,1,1,1.0
#vancouver,#isea2015,Undirected,0,1,0.0
#vancouver,#jobs,Undirected,0,1,0.0
#vancouver,#wildfires,Undirected,1,1,1.0
#vegan,#govegan,Undirected,0,1,0.0
#vegan,#uniteblue,Undirected,0,1,0.0
#vegetarian,#govegan,Undirected,0,1,0.0
#vegetarian,#uniteblue,Undirected,0,1,0.0
#vegetarian,#vegan,Undirected,0,1,0.0
#veterans,#environment,Undirected,0,2,0.0
#veterans,#followme,Undirected,0,1,0.0
#video,#free,Undirected,0,1,0.0
#video,#image,Undirected,1,1,1.0
#video,#porno,Undirected,0,1,0.0
#video,#rt,Undirected,1,1,1.0
#videoveranomtv,#mtvhottest,Undirected,0,1,0.0
#virus,#bioterrorism,Undirected,1,1,1.0
#virus,#infectiousdiseases,Undirected,1,1,1.0
#voodoo,#1008pla,Undirected,0,1,0.0
#voodoo,#1008planet,Undirected,0,1,0.0
#voodoo,#apocalypse,Undirected,0,2,0.0
#voodoo,#armageddon,Undirected,0,2,0.0
#voodoo,#astrology,Undirected,0,2,0.0
#voodoo,#lotz,Undirected,0,2,0.0
#voodoo,#rtrrt,Undirected,0,2,0.0
#voodoo,#seduction,Undirected,0,2,0.0
#votejkt48id,#binladen,Undirected,1,1,1.0
#votejkt48id,#rip,Undirected,1,1,1.0
#wahhabism,#zionism,Undirected,1,1,1.0
#wakeupflorida,#floridians,Undirected,0,1,0.0
#wakeupflorida,#trophyhunt,Undirected,0,1,0.0
#wantmyabsback,#strong,Undirected,0,1,0.0
#war,#atombomb,Undirected,1,1,1.0
#war,#atomicbomb,Undirected,1,1,1.0
#war,#japan,Undirected,1,1,1.0
#warnerrobins,#dublin,Undirected,1,1,1.0
#warnerrobins,#gawx,Undirected,1,1,1.0
#warnerrobins,#milledgeville,Undirected,1,1,1.0
#watch,#movie,Undirected,1,1,1.0
#waterboarding,#lava,Undirected,0,1,0.0
#watermeloann,#populardemand,Undirected,0,1,0.0
#wattpad,#promo,Undirected,0,1,0.0
#wattpad,#teenfiction,Undirected,0,1,0.0
#wattys2015,#teenfiction,Undirected,0,1,0.0
#wattys2015,#wattpad,Undirected,0,1,0.0
#wave,#aids,Undirected,0,1,0.0
#wave,#casualty,Undirected,0,1,0.0
#wcw,#mtvhottest,Undirected,0,1,0.0
#wdyouth,#biblestudy,Undirected,0,1,0.0
#we,#wholesaleent,Undirected,0,1,0.0
#we,#wholeteam3,Undirected,0,1,0.0
#wealth,#forever,Undirected,1,3,0.3333333333333333
#wealth,#hellfire,Undirected,1,3,0.3333333333333333
#wealth,#reflect,Undirected,1,3,0.3333333333333333
#weather,#cawx,Undirected,2,2,1.0
#weather,#climate,Undirected,1,1,1.0
#weather,#environment,Undirected,1,1,1.0
#weather,#nature,Undirected,1,1,1.0
#welovela,#nhlducks,Undirected,0,1,0.0
#welovela,#sportsroadhouse,Undirected,0,1,0.0
#weloveyoulouis,#mtvhottest,Undirected,1,1,1.0
#what,#tribal,Undirected,0,1,0.0
#what,#world,Undirected,0,1,0.0
#whirlwind,#drained,Undirected,1,1,1.0
#whitehouse,#africa,Undirected,1,1,1.0
#whitehouse,#au,Undirected,1,1,1.0
#whitehouse,#ca,Undirected,1,1,1.0
#whitehouse,#de,Undirected,1,1,1.0
#whitehouse,#es,Undirected,1,1,1.0
#whitehouse,#fr,Undirected,1,1,1.0
#whitehouse,#jp,Undirected,1,1,1.0
#whitehouse,#nigeria,Undirected,1,1,1.0
#whitehouse,#uk,Undirected,1,1,1.0
#wholeteam3,#wholesaleent,Undirected,0,1,0.0
#wild,#nuclear,Undirected,1,1,1.0
#wild,#sanonofre,Undirected,1,1,1.0
#wildfire,#ca,Undirected,1,1,1.0
#wildfire,#co,Undirected,1,1,1.0
#wildfire,#easternoregon,Undirected,1,1,1.0
#wildfire,#nv,Undirected,1,1,1.0
#wildfire,#or,Undirected,1,1,1.0
#wildfire,#oregon,Undirected,1,1,1.0
#wildfire,#smem,Undirected,1,1,1.0
#wildfire,#ut,Undirected,1,1,1.0
#wildfires,#calfires,Undirected,1,1,1.0
#wildhorses,#tantonationalforest,Undirected,0,1,0.0
#win,#bbloggers,Undirected,0,1,0.0
#windstorm,#besafe,Undirected,1,1,1.0
#wine,#dc,Undirected,0,1,0.0
#winter,#art,Undirected,1,2,0.5
#winter,#hampshire,Undirected,1,1,1.0
#winter,#military,Undirected,0,1,0.0
#winter,#photography,Undirected,1,2,0.5
#winter,#southdowns,Undirected,1,1,1.0
#winter,#tree,Undirected,1,2,0.5
#winter,#treeporn,Undirected,1,2,0.5
#winter,#treescape,Undirected,0,1,0.0
#wired,#business,Undirected,0,1,0.0
#wisdomwed,#lifehacks,Undirected,0,1,0.0
#wmata,#metro,Undirected,0,1,0.0
#wmata,#sms,Undirected,0,1,0.0
#wogc,#kindle,Undirected,0,1,0.0
#wolves,#savedenaliwolves,Undirected,0,1,0.0
#workers,#halifax,Undirected,0,1,0.0
#workers,#jobs,Undirected,0,1,0.0
#world,#news,Undirected,3,3,1.0
#worldnews,#breakingnews,Undirected,1,1,1.0
#worldnews,#news,Undirected,1,1,1.0
#worldwatchesferguson,#florida,Undirected,1,1,1.0
#wps,#nytimes,Undirected,1,1,1.0
#wrongperson,#traumatised,Undirected,0,1,0.0
#wsj,#wpo,Undirected,1,1,1.0
#ww3,#demonization,Undirected,1,1,1.0
#xboxone,#xbox,Undirected,0,1,0.0
#yahistorical,#undergroundrailraod,Undirected,1,2,0.5
#yazidi,#ezidigenocide,Undirected,1,1,1.0
#yazidi,#is,Undirected,1,1,1.0
#yazidi,#yazidi_shingal_genocide,Undirected,1,1,1.0
#yazidi_shingal_genocide,#ezidigenocide,Undirected,1,1,1.0
#yazidis,#atlanta,Undirected,1,1,1.0
#yazidis,#casper,Undirected,1,1,1.0
#yazidis,#iraq,Undirected,1,1,1.0
#yazidis,#miami,Undirected,1,1,1.0
#yazidis,#newyork,Undirected,1,1,1.0
#yazidis,#phoenix,Undirected,1,1,1.0
#yemen,#abandoned,Undirected,1,1,1.0
#yemen,#evacuation,Undirected,1,1,1.0
#yemen,#usa,Undirected,1,1,1.0
#yolandaph,#disaster,Undirected,1,1,1.0
#yolandaph,#disasterrecovery,Undirected,1,1,1.0
#yolandaph,#livelihood,Undirected,1,1,1.0
#yolandaph,#philippines,Undirected,1,1,1.0
#yyc,#abstorm,Undirected,4,4,1.0
#yyc,#alberta,Undirected,1,1,1.0
#yyc,#calgary,Undirected,2,2,1.0
#yyc,#captureyyc,Undirected,1,1,1.0
#yyc,#crazyweather,Undirected,1,1,1.0
#yyc,#hail,Undirected,1,1,1.0
#yyc,#haildamage,Undirected,1,1,1.0
#yyc,#hailstorm,Undirected,2,2,1.0
#yyc,#iamdowntown,Undirected,1,1,1.0
#yyc,#sto,Undirected,1,1,1.0
#yyc,#yycstorm,Undirected,2,2,1.0
#yyc,#yycweather,Undirected,1,1,1.0
#yycfringe,#killhard,Undirected,1,1,1.0
#yycstorm,#abstorm,Undirected,2,2,1.0
#yycweather,#alberta,Undirected,1,1,1.0
#yycweather,#calgary,Undirected,1,1,1.0
#yycweather,#captureyyc,Undirected,1,1,1.0
#yycweather,#sto,Undirected,1,1,1.0
#zionism,#babies,Undirected,1,1,1.0
#zionist,#bethlehem,Undirected,1,1,1.0
#zionist,#palestinian,Undirected,1,1,1.0
#zionist,#palestinians,Undirected,2,2,1.0
#zionist,#terrorist,Undirected,4,4,1.0
#zippoline,#moveit,Undirected,0,1,0.0
