Id,Label,Frequency,disaster_count,non_disaster_count,disaster_ratio,node_type
#earthquake,#earthquake,19,19,0,1.0,hashtag
#wildfires,#wildfires,5,5,0,1.0,hashtag
#alaska,#alaska,2,1,1,0.5,hashtag
#rockyfire,#rockyfire,4,4,0,1.0,hashtag
#cafire,#cafire,2,2,0,1.0,hashtag
#flood,#flood,4,4,0,1.0,hashtag
#disaster,#disaster,8,8,0,1.0,hashtag
#flooding,#flooding,4,3,1,0.75,hashtag
#raining,#raining,1,1,0,1.0,hashtag
#florida,#florida,2,2,0,1.0,hashtag
#tampabay,#tampabay,1,1,0,1.0,hashtag
#tampa,#tampa,2,1,1,0.5,hashtag
#we,#we,2,1,1,0.5,hashtag
#breaking,#breaking,9,9,0,1.0,hashtag
#metal,#metal,1,0,1,0.0,hashtag
#rt,#rt,9,2,7,0.2222222222222222,hashtag
#africanbaze,#africanbaze,1,1,0,1.0,hashtag
#mufc,#mufc,2,0,2,0.0,hashtag
#bridgetown,#bridgetown,1,1,0,1.0,hashtag
#nsfw,#nsfw,4,0,4,0.0,hashtag
#kurds,#kurds,1,1,0,1.0,hashtag
#diyala,#diyala,1,1,0,1.0,hashtag
#california,#california,5,4,1,0.8,hashtag
#climate,#climate,2,2,0,1.0,hashtag
#energy,#energy,1,1,0,1.0,hashtag
#nowplaying,#nowplaying,23,2,21,0.08695652173913043,hashtag
#edm,#edm,8,0,8,0.0,hashtag
#nashvilletraffic,#nashvilletraffic,1,1,0,1.0,hashtag
#santaclara,#santaclara,1,1,0,1.0,hashtag
#bayarea,#bayarea,1,1,0,1.0,hashtag
#traffic,#traffic,3,3,0,1.0,hashtag
#personalinjury,#personalinjury,1,0,1,0.0,hashtag
#solicitor,#solicitor,1,0,1,0.0,hashtag
#otleyhour,#otleyhour,1,0,1,0.0,hashtag
#stlouis,#stlouis,1,0,1,0.0,hashtag
#caraccidentlawyer,#caraccidentlawyer,1,0,1,0.0,hashtag
#truckcrash,#truckcrash,1,1,0,1.0,hashtag
#fortworth,#fortworth,1,1,0,1.0,hashtag
#ashville,#ashville,1,1,0,1.0,hashtag
#manchester,#manchester,4,4,0,1.0,hashtag
#hagerstown,#hagerstown,1,1,0,1.0,hashtag
#whag,#whag,1,1,0,1.0,hashtag
#bahrain,#bahrain,1,1,0,1.0,hashtag
#arrestpastornganga,#arrestpastornganga,2,0,2,0.0,hashtag
#dubstep,#dubstep,7,0,7,0.0,hashtag
#trapmusic,#trapmusic,7,0,7,0.0,hashtag
#dnb,#dnb,8,0,8,0.0,hashtag
#dance,#dance,7,0,7,0.0,hashtag
#ices,#ices,7,0,7,0.0,hashtag
#growingupspoiled,#growingupspoiled,1,0,1,0.0,hashtag
#wisdomwed,#wisdomwed,1,0,1,0.0,hashtag
#lifehacks,#lifehacks,1,0,1,0.0,hashtag
#silverwood,#silverwood,1,0,1,0.0,hashtag
#aftershock,#aftershock,1,0,1,0.0,hashtag
#book,#book,1,0,1,0.0,hashtag
#now,#now,1,0,1,0.0,hashtag
#wdyouth,#wdyouth,1,0,1,0.0,hashtag
#biblestudy,#biblestudy,1,0,1,0.0,hashtag
#news,#news,76,56,20,0.7368421052631579,hashtag
#horrible,#horrible,1,1,0,1.0,hashtag
#accident,#accident,4,4,0,1.0,hashtag
#watchthevideo,#watchthevideo,1,1,0,1.0,hashtag
#kca,#kca,4,3,1,0.75,hashtag
#votejkt48id,#votejkt48id,4,3,1,0.75,hashtag
#rip,#rip,2,2,0,1.0,hashtag
#binladen,#binladen,1,1,0,1.0,hashtag
#mlb,#mlb,3,2,1,0.6666666666666666,hashtag
#man,#man,1,1,0,1.0,hashtag
#airport,#airport,1,1,0,1.0,hashtag
#airplane,#airplane,3,3,0,1.0,hashtag
#aircraft,#aircraft,2,2,0,1.0,hashtag
#aeroplane,#aeroplane,1,1,0,1.0,hashtag
#runway,#runway,1,1,0,1.0,hashtag
#freaky,#freaky,1,1,0,1.0,hashtag
#crash,#crash,2,2,0,1.0,hashtag
#pilot,#pilot,1,1,0,1.0,hashtag
#death,#death,1,1,0,1.0,hashtag
#carfest,#carfest,1,1,0,1.0,hashtag
#omg,#omg,1,1,0,1.0,hashtag
#jetengine,#jetengine,1,1,0,1.0,hashtag
#turbojet,#turbojet,1,1,0,1.0,hashtag
#boing,#boing,1,1,0,1.0,hashtag
#g90,#g90,1,1,0,1.0,hashtag
#rodkiai,#rodkiai,1,1,0,1.0,hashtag
#emsne,#emsne,1,1,0,1.0,hashtag
#yugvani,#yugvani,3,3,0,1.0,hashtag
#justsaying,#justsaying,1,0,1,0.0,hashtag
#randomthought,#randomthought,1,0,1,0.0,hashtag
#til_now,#til_now,3,2,1,0.6666666666666666,hashtag
#dna,#dna,1,1,0,1.0,hashtag
#ems,#ems,4,2,2,0.5,hashtag
#paramedics,#paramedics,1,0,1,0.0,hashtag
#ambulance,#ambulance,1,0,1,0.0,hashtag
#reuters,#reuters,3,3,0,1.0,hashtag
#worldnews,#worldnews,9,9,0,1.0,hashtag
#mets,#mets,4,1,3,0.25,hashtag
#fantasticfour,#fantasticfour,2,0,2,0.0,hashtag
#fant4stic,#fant4stic,1,0,1,0.0,hashtag
#lgm,#lgm,1,0,1,0.0,hashtag
#gilbert23,#gilbert23,3,1,2,0.3333333333333333,hashtag
#az,#az,1,0,1,0.0,hashtag
#wildhorses,#wildhorses,2,1,1,0.5,hashtag
#tantonationalforest,#tantonationalforest,1,0,1,0.0,hashtag
#saltriverwildhorses,#saltriverwildhorses,1,0,1,0.0,hashtag
#sciencefiction,#sciencefiction,1,0,1,0.0,hashtag
#internetradio,#internetradio,1,1,0,1.0,hashtag
#collegeradi,#collegeradi,1,1,0,1.0,hashtag
#warmbodies,#warmbodies,1,0,1,0.0,hashtag
#etcpb,#etcpb,1,0,1,0.0,hashtag
#storm,#storm,2,2,0,1.0,hashtag
#apocalypse,#apocalypse,3,1,2,0.3333333333333333,hashtag
#pbban,#pbban,4,1,3,0.25,hashtag
#doublecups,#doublecups,2,0,2,0.0,hashtag
#armageddon,#armageddon,6,1,5,0.16666666666666666,hashtag
#love,#love,4,1,3,0.25,hashtag
#truelove,#truelove,2,0,2,0.0,hashtag
#romance,#romance,2,0,2,0.0,hashtag
#voodoo,#voodoo,2,0,2,0.0,hashtag
#seduction,#seduction,2,0,2,0.0,hashtag
#astrology,#astrology,2,0,2,0.0,hashtag
#rtrrt,#rtrrt,2,0,2,0.0,hashtag
#lotz,#lotz,2,0,2,0.0,hashtag
#1008pla,#1008pla,1,0,1,0.0,hashtag
#eonlinechat,#eonlinechat,1,0,1,0.0,hashtag
#1008planet,#1008planet,1,0,1,0.0,hashtag
#startrek,#startrek,1,0,1,0.0,hashtag
#tos,#tos,1,0,1,0.0,hashtag
#entertainment,#entertainment,2,0,2,0.0,hashtag
#brucewillis,#brucewillis,1,0,1,0.0,hashtag
#dvd,#dvd,2,0,2,0.0,hashtag
#ebay,#ebay,1,0,1,0.0,hashtag
#auction,#auction,2,0,2,0.0,hashtag
#preppers,#preppers,1,0,1,0.0,hashtag
#doomsday,#doomsday,1,0,1,0.0,hashtag
#shtf,#shtf,1,0,1,0.0,hashtag
#preppertalk,#preppertalk,1,0,1,0.0,hashtag
#survival,#survival,1,0,1,0.0,hashtag
#2a,#2a,1,0,1,0.0,hashtag
#prepper,#prepper,1,0,1,0.0,hashtag
#ultimalucha,#ultimalucha,3,0,3,0.0,hashtag
#christians,#christians,1,0,1,0.0,hashtag
#israel,#israel,3,2,1,0.6666666666666666,hashtag
#cufi,#cufi,1,0,1,0.0,hashtag
#us,#us,7,4,3,0.5714285714285714,hashtag
#preseasonworkouts,#preseasonworkouts,1,0,1,0.0,hashtag
#interestraterise,#interestraterise,1,0,1,0.0,hashtag
#brics,#brics,1,1,0,1.0,hashtag
#roberts,#roberts,1,1,0,1.0,hashtag
#russia,#russia,3,2,1,0.6666666666666666,hashtag
#thereal,#thereal,1,0,1,0.0,hashtag
#beyhive,#beyhive,8,0,8,0.0,hashtag
#directioners,#directioners,9,1,8,0.1111111111111111,hashtag
#5sosfam,#5sosfam,2,0,2,0.0,hashtag
#queens,#queens,1,0,1,0.0,hashtag
#fanarmyfaceoff,#fanarmyfaceoff,1,0,1,0.0,hashtag
#indiakomuntorjawabdo,#indiakomuntorjawabdo,1,0,1,0.0,hashtag
#mtvsummerstar,#mtvsummerstar,1,0,1,0.0,hashtag
#videoveranomtv,#videoveranomtv,2,0,2,0.0,hashtag
#mtvhottest,#mtvhottest,7,1,6,0.14285714285714285,hashtag
#newsintweets,#newsintweets,3,2,1,0.6666666666666666,hashtag
#lgbt,#lgbt,5,1,4,0.2,hashtag
#kisii,#kisii,2,2,0,1.0,hashtag
#countynews,#countynews,2,2,0,1.0,hashtag
#lesbian,#lesbian,1,1,0,1.0,hashtag
#cbcto,#cbcto,1,0,1,0.0,hashtag
#vegetarian,#vegetarian,1,0,1,0.0,hashtag
#vegan,#vegan,1,0,1,0.0,hashtag
#govegan,#govegan,1,0,1,0.0,hashtag
#uniteblue,#uniteblue,1,0,1,0.0,hashtag
#arsonist,#arsonist,1,1,0,1.0,hashtag
#headlines,#headlines,1,1,0,1.0,hashtag
#nightbeat,#nightbeat,1,1,0,1.0,hashtag
#2minutemix,#2minutemix,1,1,0,1.0,hashtag
#spotlight,#spotlight,1,0,1,0.0,hashtag
#wniagospel,#wniagospel,1,0,1,0.0,hashtag
#7newsadl,#7newsadl,1,0,1,0.0,hashtag
#sanfrancisco,#sanfrancisco,1,1,0,1.0,hashtag
#newyork,#newyork,5,5,0,1.0,hashtag
#nativehuman,#nativehuman,1,1,0,1.0,hashtag
#myreligion,#myreligion,1,1,0,1.0,hashtag
#tbt,#tbt,5,1,4,0.2,hashtag
#udhampur,#udhampur,2,2,0,1.0,hashtag
#mumbai,#mumbai,5,5,0,1.0,hashtag
#allthenews,#allthenews,1,1,0,1.0,hashtag
#palestine,#palestine,3,3,0,1.0,hashtag
#volleyball,#volleyball,1,1,0,1.0,hashtag
#ableg,#ableg,1,1,0,1.0,hashtag
#cdnpoli,#cdnpoli,1,1,0,1.0,hashtag
#nwo,#nwo,1,1,0,1.0,hashtag
#pugprobs,#pugprobs,1,0,1,0.0,hashtag
#pt,#pt,2,2,0,1.0,hashtag
#robotcoingame,#robotcoingame,1,0,1,0.0,hashtag
#bitcoin,#bitcoin,2,0,2,0.0,hashtag
#freebitcoin,#freebitcoin,1,0,1,0.0,hashtag
#welovela,#welovela,1,0,1,0.0,hashtag
#nhlducks,#nhlducks,1,0,1,0.0,hashtag
#sportsroadhouse,#sportsroadhouse,1,0,1,0.0,hashtag
#colorado,#colorado,2,1,1,0.5,hashtag
#avalanche,#avalanche,4,2,2,0.5,hashtag
#nhl,#nhl,2,0,2,0.0,hashtag
#hockey,#hockey,1,0,1,0.0,hashtag
#171,#171,1,0,1,0.0,hashtag
#weddinghour,#weddinghour,1,0,1,0.0,hashtag
#coloradoavalanche,#coloradoavalanche,1,1,0,1.0,hashtag
#entretenimento,#entretenimento,1,0,1,0.0,hashtag
#video,#video,4,2,2,0.5,hashtag
#124,#124,1,0,1,0.0,hashtag
#bts,#bts,1,0,1,0.0,hashtag
#nowplay,#nowplay,1,1,0,1.0,hashtag
#listen,#listen,4,1,3,0.25,hashtag
#radio,#radio,4,1,3,0.25,hashtag
#tb,#tb,1,0,1,0.0,hashtag
#throwback,#throwback,1,0,1,0.0,hashtag
#sfgiants,#sfgiants,1,0,1,0.0,hashtag
#du19,#du19,1,0,1,0.0,hashtag
#warcraft,#warcraft,1,0,1,0.0,hashtag
#lonepine,#lonepine,1,0,1,0.0,hashtag
#gallipoli,#gallipoli,1,0,1,0.0,hashtag
#ww1,#ww1,1,0,1,0.0,hashtag
#tcot,#tcot,7,4,3,0.5714285714285714,hashtag
#frontpage,#frontpage,3,2,1,0.6666666666666666,hashtag
#bioterror,#bioterror,3,2,1,0.6666666666666666,hashtag
#rickperry,#rickperry,3,2,1,0.6666666666666666,hashtag
#gopdebate,#gopdebate,3,1,2,0.3333333333333333,hashtag
#world,#world,11,9,2,0.8181818181818182,hashtag
#phone,#phone,2,1,1,0.5,hashtag
#apple,#apple,1,1,0,1.0,hashtag
#mobile,#mobile,1,1,0,1.0,hashtag
#orchardalley,#orchardalley,1,1,0,1.0,hashtag
#les,#les,1,1,0,1.0,hashtag
#nyc,#nyc,3,3,0,1.0,hashtag
#gardens,#gardens,1,1,0,1.0,hashtag
#breakingnews,#breakingnews,4,3,1,0.75,hashtag
#trucking,#trucking,1,1,0,1.0,hashtag
#fedex,#fedex,1,1,0,1.0,hashtag
#anthrax,#anthrax,1,1,0,1.0,hashtag
#bioterrorism,#bioterrorism,4,3,1,0.75,hashtag
#virus,#virus,1,1,0,1.0,hashtag
#infectiousdiseases,#infectiousdiseases,1,1,0,1.0,hashtag
#pathogen,#pathogen,1,0,1,0.0,hashtag
#infectious,#infectious,1,0,1,0.0,hashtag
#ebola,#ebola,3,2,1,0.6666666666666666,hashtag
#digitalhealth,#digitalhealth,1,0,1,0.0,hashtag
#hcsm,#hcsm,1,0,1,0.0,hashtag
#irandeal,#irandeal,9,4,5,0.4444444444444444,hashtag
#glanders,#glanders,1,1,0,1.0,hashtag
#raisinfingers,#raisinfingers,1,0,1,0.0,hashtag
#family,#family,1,0,1,0.0,hashtag
#cleveland,#cleveland,1,0,1,0.0,hashtag
#standup,#standup,1,0,1,0.0,hashtag
#thisispublichealth,#thisispublichealth,1,0,1,0.0,hashtag
#socialmedia,#socialmedia,2,0,2,0.0,hashtag
#artisteoftheweekfact,#artisteoftheweekfact,1,0,1,0.0,hashtag
#conversations,#conversations,1,0,1,0.0,hashtag
#coast2coastdjs,#coast2coastdjs,1,0,1,0.0,hashtag
#jiwonle,#jiwonle,1,0,1,0.0,hashtag
#hiphop,#hiphop,2,1,1,0.5,hashtag
#clubbanger,#clubbanger,1,0,1,0.0,hashtag
#weddings,#weddings,1,0,1,0.0,hashtag
#listenlive,#listenlive,2,0,2,0.0,hashtag
#stoponesounds,#stoponesounds,1,0,1,0.0,hashtag
#airwaves,#airwaves,1,0,1,0.0,hashtag
#hinatobot,#hinatobot,1,0,1,0.0,hashtag
#escorts,#escorts,1,0,1,0.0,hashtag
#gfe,#gfe,1,0,1,0.0,hashtag
#dubai,#dubai,1,0,1,0.0,hashtag
#arizona,#arizona,2,0,2,0.0,hashtag
#realestate,#realestate,1,0,1,0.0,hashtag
#oomf,#oomf,1,0,1,0.0,hashtag
#2fast2furious,#2fast2furious,1,0,1,0.0,hashtag
#sun,#sun,1,0,1,0.0,hashtag
#earth,#earth,1,0,1,0.0,hashtag
#catfishmtv,#catfishmtv,1,0,1,0.0,hashtag
#wbc2015,#wbc2015,1,0,1,0.0,hashtag
#catfish,#catfish,1,0,1,0.0,hashtag
#harperanetflixshow,#harperanetflixshow,1,0,1,0.0,hashtag
#elxn42,#elxn42,1,0,1,0.0,hashtag
#stopharper,#stopharper,1,0,1,0.0,hashtag
#doping,#doping,1,0,1,0.0,hashtag
#zippoline,#zippoline,1,0,1,0.0,hashtag
#moveit,#moveit,1,0,1,0.0,hashtag
#cle,#cle,1,0,1,0.0,hashtag
#palestinian,#palestinian,2,2,0,1.0,hashtag
#refugee,#refugee,1,1,0,1.0,hashtag
#israeli,#israeli,1,1,0,1.0,hashtag
#tweet4taiji,#tweet4taiji,1,1,0,1.0,hashtag
#overwatch,#overwatch,1,0,1,0.0,hashtag
#lwb,#lwb,1,0,1,0.0,hashtag
#kindle,#kindle,6,0,6,0.0,hashtag
#tattoo,#tattoo,1,1,0,1.0,hashtag
#speakingfromexperience,#speakingfromexperience,1,0,1,0.0,hashtag
#decisionsondecisions,#decisionsondecisions,1,1,0,1.0,hashtag
#rolandonabeats,#rolandonabeats,1,0,1,0.0,hashtag
#win,#win,1,0,1,0.0,hashtag
#bbloggers,#bbloggers,1,0,1,0.0,hashtag
#stephenking,#stephenking,1,0,1,0.0,hashtag
#thedarktower,#thedarktower,1,0,1,0.0,hashtag
#insomnia,#insomnia,1,1,0,1.0,hashtag
#boxing,#boxing,1,0,1,0.0,hashtag
#bloodymonday,#bloodymonday,1,0,1,0.0,hashtag
#tvshowtime,#tvshowtime,1,0,1,0.0,hashtag
#mystery,#mystery,2,0,2,0.0,hashtag
#thisdayinhistory,#thisdayinhistory,1,1,0,1.0,hashtag
#musicadvisory,#musicadvisory,1,0,1,0.0,hashtag
#bb17,#bb17,5,0,5,0.0,hashtag
#givebackkalinwhiteaccount,#givebackkalinwhiteaccount,1,0,1,0.0,hashtag
#piperwearsthepants,#piperwearsthepants,1,0,1,0.0,hashtag
#charmed,#charmed,1,0,1,0.0,hashtag
#republicans,#republicans,1,0,1,0.0,hashtag
#handbag,#handbag,8,1,7,0.125,hashtag
#womens,#womens,6,1,5,0.16666666666666666,hashtag
#fashion,#fashion,9,0,9,0.0,hashtag
#style,#style,2,0,2,0.0,hashtag
#9973,#9973,1,0,1,0.0,hashtag
#trollingtilmeekdiss,#trollingtilmeekdiss,1,0,1,0.0,hashtag
#vuzuhustle,#vuzuhustle,1,0,1,0.0,hashtag
#ovofest,#ovofest,2,0,2,0.0,hashtag
#ziphimup,#ziphimup,1,0,1,0.0,hashtag
#bestseller,#bestseller,1,0,1,0.0,hashtag
#concert,#concert,1,0,1,0.0,hashtag
#moving2k15,#moving2k15,1,0,1,0.0,hashtag
#expertwhiner,#expertwhiner,1,0,1,0.0,hashtag
#cutekitten,#cutekitten,1,0,1,0.0,hashtag
#catsofinstagram,#catsofinstagram,1,0,1,0.0,hashtag
#summerinsweden,#summerinsweden,1,0,1,0.0,hashtag
#katt,#katt,1,0,1,0.0,hashtag
#katterpì,#katterpì,1,0,1,0.0,hashtag
#dumle,#dumle,1,0,1,0.0,hashtag
#dagens,#dagens,1,0,1,0.0,hashtag
#norge2040,#norge2040,1,0,1,0.0,hashtag
#enolagay,#enolagay,1,1,0,1.0,hashtag
#hiroshima,#hiroshima,22,22,0,1.0,hashtag
#whatcanthedo,#whatcanthedo,1,0,1,0.0,hashtag
#bluejays,#bluejays,4,0,4,0.0,hashtag
#arts,#arts,3,1,2,0.3333333333333333,hashtag
#elephantintheroom,#elephantintheroom,1,1,0,1.0,hashtag
#turkish,#turkish,2,1,1,0.5,hashtag
#bannukes,#bannukes,1,1,0,1.0,hashtag
#date,#date,1,0,1,0.0,hashtag
#africansinsf,#africansinsf,1,0,1,0.0,hashtag
#beyondgps,#beyondgps,1,0,1,0.0,hashtag
#bombed,#bombed,1,1,0,1.0,hashtag
#banthebomb,#banthebomb,1,1,0,1.0,hashtag
#canada,#canada,2,2,0,1.0,hashtag
#setting4success,#setting4success,1,1,0,1.0,hashtag
#smallbusiness,#smallbusiness,1,1,0,1.0,hashtag
#entrepreneur,#entrepreneur,2,1,1,0.5,hashtag
#australia,#australia,2,2,0,1.0,hashtag
#japan,#japan,11,11,0,1.0,hashtag
#pearlharbor,#pearlharbor,1,1,0,1.0,hashtag
#generalnews,#generalnews,2,2,0,1.0,hashtag
#oped,#oped,2,0,2,0.0,hashtag
#cricket,#cricket,1,1,0,1.0,hashtag
#ashes,#ashes,2,1,1,0.5,hashtag
#collapse,#collapse,1,0,1,0.0,hashtag
#traintragedy,#traintragedy,1,1,0,1.0,hashtag
#engvaus,#engvaus,2,0,2,0.0,hashtag
#computers,#computers,1,1,0,1.0,hashtag
#gadgets,#gadgets,2,1,1,0.5,hashtag
#slingnews,#slingnews,1,1,0,1.0,hashtag
#usa,#usa,6,4,2,0.6666666666666666,hashtag
#sustainability,#sustainability,1,1,0,1.0,hashtag
#blacklivesmatter,#blacklivesmatter,3,2,1,0.6666666666666666,hashtag
#9newsmornings,#9newsmornings,1,1,0,1.0,hashtag
#respect,#respect,1,1,0,1.0,hashtag
#infosec,#infosec,2,0,2,0.0,hashtag
#gbbo,#gbbo,18,4,14,0.2222222222222222,hashtag
#wildfire,#wildfire,8,8,0,1.0,hashtag
#thestrain,#thestrain,1,1,0,1.0,hashtag
#tweetlikeitsseptember11th2001,#tweetlikeitsseptember11th2001,2,2,0,1.0,hashtag
#kenya,#kenya,1,1,0,1.0,hashtag
#langata,#langata,1,1,0,1.0,hashtag
#albany,#albany,1,1,0,1.0,hashtag
#ny,#ny,1,1,0,1.0,hashtag
#ppsellsbabyparts,#ppsellsbabyparts,1,1,0,1.0,hashtag
#rdg,#rdg,1,0,1,0.0,hashtag
#nh1news,#nh1news,1,1,0,1.0,hashtag
#montgomery,#montgomery,1,1,0,1.0,hashtag
#history,#history,1,1,0,1.0,hashtag
#mht,#mht,1,1,0,1.0,hashtag
#redsox,#redsox,1,0,1,0.0,hashtag
#loseit,#loseit,2,0,2,0.0,hashtag
#myfitnesspal,#myfitnesspal,2,1,1,0.5,hashtag
#cubstalk,#cubstalk,1,0,1,0.0,hashtag
#atk,#atk,2,0,2,0.0,hashtag
#letsfootball,#letsfootball,2,0,2,0.0,hashtag
#fat,#fat,1,0,1,0.0,hashtag
#burnfat,#burnfat,1,0,1,0.0,hashtag
#skinny,#skinny,1,0,1,0.0,hashtag
#workout,#workout,1,0,1,0.0,hashtag
#sjubb,#sjubb,1,1,0,1.0,hashtag
#zionism,#zionism,2,2,0,1.0,hashtag
#babies,#babies,1,1,0,1.0,hashtag
#ika,#ika,1,0,1,0.0,hashtag
#tuning,#tuning,1,0,1,0.0,hashtag
#diet,#diet,1,0,1,0.0,hashtag
#firefighters,#firefighters,1,1,0,1.0,hashtag
#tech,#tech,6,3,3,0.5,hashtag
#booradleyvancullen,#booradleyvancullen,1,0,1,0.0,hashtag
#appreciativeinquiry,#appreciativeinquiry,1,1,0,1.0,hashtag
#standwithpp,#standwithpp,2,0,2,0.0,hashtag
#spain,#spain,1,0,1,0.0,hashtag
#criticalmedia,#criticalmedia,1,1,0,1.0,hashtag
#pbs,#pbs,1,1,0,1.0,hashtag
#iraq,#iraq,2,2,0,1.0,hashtag
#francisunderwood,#francisunderwood,1,0,1,0.0,hashtag
#hoc,#hoc,1,0,1,0.0,hashtag
#afghanistan,#afghanistan,1,1,0,1.0,hashtag
#2015,#2015,1,1,0,1.0,hashtag
#casualties,#casualties,1,0,1,0.0,hashtag
#civilian,#civilian,1,1,0,1.0,hashtag
#ftsn,#ftsn,1,1,0,1.0,hashtag
#ftsnnewsdesk,#ftsnnewsdesk,1,1,0,1.0,hashtag
#hiring,#hiring,11,1,10,0.09090909090909091,hashtag
#wave,#wave,1,0,1,0.0,hashtag
#casualty,#casualty,1,0,1,0.0,hashtag
#aids,#aids,1,0,1,0.0,hashtag
#endangered,#endangered,1,1,0,1.0,hashtag
#drone,#drone,1,1,0,1.0,hashtag
#jobs,#jobs,14,0,14,0.0,hashtag
#denver,#denver,4,2,2,0.5,hashtag
#amicospizzato,#amicospizzato,1,0,1,0.0,hashtag
#seeyouatamicos,#seeyouatamicos,1,0,1,0.0,hashtag
#homealone2,#homealone2,1,0,1,0.0,hashtag
#film4,#film4,1,0,1,0.0,hashtag
#france,#france,3,1,2,0.3333333333333333,hashtag
#diversification,#diversification,1,0,1,0.0,hashtag
#pjnet,#pjnet,2,1,1,0.5,hashtag
#tcotåê,#tcotåê,1,0,1,0.0,hashtag
#ccot,#ccot,2,0,2,0.0,hashtag
#borrowers,#borrowers,1,0,1,0.0,hashtag
#interest,#interest,1,0,1,0.0,hashtag
#catastrophe,#catastrophe,2,0,2,0.0,hashtag
#iphone,#iphone,5,3,2,0.6,hashtag
#twist,#twist,1,0,1,0.0,hashtag
#preparedness,#preparedness,5,3,2,0.6,hashtag
#boy,#boy,1,1,0,1.0,hashtag
#mix,#mix,1,1,0,1.0,hashtag
#vmas,#vmas,1,0,1,0.0,hashtag
#pixelsmovie,#pixelsmovie,1,0,1,0.0,hashtag
#insurance,#insurance,4,1,3,0.25,hashtag
#job,#job,12,0,12,0.0,hashtag
#spark,#spark,1,0,1,0.0,hashtag
#song,#song,1,0,1,0.0,hashtag
#imdb,#imdb,2,0,2,0.0,hashtag
#results,#results,1,0,1,0.0,hashtag
#nar,#nar,1,1,0,1.0,hashtag
#phuket,#phuket,1,1,0,1.0,hashtag
#wolves,#wolves,1,0,1,0.0,hashtag
#savedenaliwolves,#savedenaliwolves,1,0,1,0.0,hashtag
#scraptrident,#scraptrident,1,1,0,1.0,hashtag
#real,#real,1,0,1,0.0,hashtag
#pieceofme,#pieceofme,1,0,1,0.0,hashtag
#gravitymovie,#gravitymovie,1,1,0,1.0,hashtag
#defendant,#defendant,1,0,1,0.0,hashtag
#catastrophic,#catastrophic,1,0,1,0.0,hashtag
#illinois,#illinois,1,1,0,1.0,hashtag
#hazmat,#hazmat,1,1,0,1.0,hashtag
#savebees,#savebees,3,0,3,0.0,hashtag
#krefeld,#krefeld,1,1,0,1.0,hashtag
#seattle,#seattle,8,3,5,0.375,hashtag
#chemical,#chemical,4,0,4,0.0,hashtag
#dependency,#dependency,4,0,4,0.0,hashtag
#benews,#benews,1,1,0,1.0,hashtag
#ijetalerts,#ijetalerts,1,1,0,1.0,hashtag
#watersafety,#watersafety,1,0,1,0.0,hashtag
#usar2015,#usar2015,1,0,1,0.0,hashtag
#usar15,#usar15,1,0,1,0.0,hashtag
#ruor,#ruor,1,0,1,0.0,hashtag
#6,#6,2,2,0,1.0,hashtag
#yr,#yr,1,0,1,0.0,hashtag
#heat,#heat,1,0,1,0.0,hashtag
#cold,#cold,1,0,1,0.0,hashtag
#tough,#tough,1,0,1,0.0,hashtag
#crossfit,#crossfit,1,0,1,0.0,hashtag
#humble,#humble,1,0,1,0.0,hashtag
#funnynews,#funnynews,1,1,0,1.0,hashtag
#business,#business,7,3,4,0.42857142857142855,hashtag
#thinkpink,#thinkpink,1,0,1,0.0,hashtag
#magichairbump,#magichairbump,1,0,1,0.0,hashtag
#internet,#internet,1,0,1,0.0,hashtag
#nieuws,#nieuws,1,0,1,0.0,hashtag
#talkradio,#talkradio,2,1,1,0.5,hashtag
#greece,#greece,1,1,0,1.0,hashtag
#bailout,#bailout,1,1,0,1.0,hashtag
#theashes,#theashes,1,1,0,1.0,hashtag
#roh3,#roh3,1,0,1,0.0,hashtag
#jfb,#jfb,1,0,1,0.0,hashtag
#tfb,#tfb,1,0,1,0.0,hashtag
#alrasyid448iturasya,#alrasyid448iturasya,1,0,1,0.0,hashtag
#roh3smantibatam,#roh3smantibatam,1,0,1,0.0,hashtag
#wish,#wish,1,1,0,1.0,hashtag
#oneheartonemindonecss,#oneheartonemindonecss,1,1,0,1.0,hashtag
#tvjnews,#tvjnews,1,1,0,1.0,hashtag
#i,#i,1,0,1,0.0,hashtag
#after,#after,1,0,1,0.0,hashtag
#pluto,#pluto,1,0,1,0.0,hashtag
#nlccollide,#nlccollide,1,0,1,0.0,hashtag
#wogc,#wogc,1,0,1,0.0,hashtag
#vancouver,#vancouver,3,1,2,0.3333333333333333,hashtag
#isea2015,#isea2015,1,0,1,0.0,hashtag
#gemma,#gemma,1,1,0,1.0,hashtag
#bowe,#bowe,1,1,0,1.0,hashtag
#thedoolinggroup,#thedoolinggroup,1,1,0,1.0,hashtag
#wattys2015,#wattys2015,1,0,1,0.0,hashtag
#wattpad,#wattpad,2,0,2,0.0,hashtag
#teenfiction,#teenfiction,1,0,1,0.0,hashtag
#ihave44episodesofgg,#ihave44episodesofgg,1,0,1,0.0,hashtag
#nojoke,#nojoke,1,0,1,0.0,hashtag
#newswatch,#newswatch,2,2,0,1.0,hashtag
#ptbo,#ptbo,2,2,0,1.0,hashtag
#yagitudeh,#yagitudeh,1,0,1,0.0,hashtag
#butgod,#butgod,1,1,0,1.0,hashtag
#simple,#simple,2,1,1,0.5,hashtag
#alaskaseafood,#alaskaseafood,1,0,1,0.0,hashtag
#askforalaska,#askforalaska,1,0,1,0.0,hashtag
#justinbieber,#justinbieber,1,0,1,0.0,hashtag
#harrystyles,#harrystyles,1,0,1,0.0,hashtag
#cern,#cern,1,0,1,0.0,hashtag
#harrybecareful,#harrybecareful,3,0,3,0.0,hashtag
#hwy401,#hwy401,1,1,0,1.0,hashtag
#cambridge,#cambridge,1,1,0,1.0,hashtag
#opp,#opp,1,1,0,1.0,hashtag
#technology,#technology,5,0,5,0.0,hashtag
#cool,#cool,3,0,3,0.0,hashtag
#body,#body,1,0,1,0.0,hashtag
#shop,#shop,1,0,1,0.0,hashtag
#innovation,#innovation,2,0,2,0.0,hashtag
#mapleridge,#mapleridge,1,1,0,1.0,hashtag
#qew,#qew,1,1,0,1.0,hashtag
#niagara,#niagara,1,1,0,1.0,hashtag
#gadget,#gadget,1,0,1,0.0,hashtag
#course,#course,6,2,4,0.3333333333333333,hashtag
#incident,#incident,1,1,0,1.0,hashtag
#peritoengrafoscopia,#peritoengrafoscopia,1,1,0,1.0,hashtag
#uk,#uk,5,3,2,0.6,hashtag
#rochdale,#rochdale,1,1,0,1.0,hashtag
#heywood,#heywood,1,1,0,1.0,hashtag
#weloveyoulouis,#weloveyoulouis,1,1,0,1.0,hashtag
#windows10,#windows10,1,0,1,0.0,hashtag
#hope,#hope,1,1,0,1.0,hashtag
#modestmouseremix,#modestmouseremix,1,0,1,0.0,hashtag
#truestory,#truestory,1,0,1,0.0,hashtag
#skh,#skh,1,1,0,1.0,hashtag
#loveyouuuu,#loveyouuuu,1,0,1,0.0,hashtag
#aintsheperty,#aintsheperty,1,0,1,0.0,hashtag
#mrrobinson,#mrrobinson,1,0,1,0.0,hashtag
#thesteveharveyshow,#thesteveharveyshow,1,0,1,0.0,hashtag
#crush,#crush,1,0,1,0.0,hashtag
#worstsummerjob,#worstsummerjob,4,1,3,0.25,hashtag
#edwing,#edwing,1,0,1,0.0,hashtag
#nikeplus,#nikeplus,2,0,2,0.0,hashtag
#ayekoradio,#ayekoradio,1,0,1,0.0,hashtag
#netlabel,#netlabel,1,0,1,0.0,hashtag
#electronicmusic,#electronicmusic,1,0,1,0.0,hashtag
#ccmusic,#ccmusic,1,0,1,0.0,hashtag
#wine,#wine,1,0,1,0.0,hashtag
#dc,#dc,1,0,1,0.0,hashtag
#chicago,#chicago,1,1,0,1.0,hashtag
#bc,#bc,1,0,1,0.0,hashtag
#freedom,#freedom,1,0,1,0.0,hashtag
#donthate,#donthate,1,0,1,0.0,hashtag
#bc19,#bc19,1,0,1,0.0,hashtag
#rewatchingthepilot,#rewatchingthepilot,1,0,1,0.0,hashtag
#teamscorpion,#teamscorpion,1,0,1,0.0,hashtag
#cyclone,#cyclone,1,0,1,0.0,hashtag
#camera,#camera,1,0,1,0.0,hashtag
#art,#art,6,1,5,0.16666666666666666,hashtag
#photography,#photography,6,4,2,0.6666666666666666,hashtag
#0215,#0215,1,0,1,0.0,hashtag
#hannaph,#hannaph,2,2,0,1.0,hashtag
#vanuatu,#vanuatu,2,1,1,0.5,hashtag
#kurokobot,#kurokobot,1,1,0,1.0,hashtag
#comdev,#comdev,1,1,0,1.0,hashtag
#asia,#asia,1,1,0,1.0,hashtag
#bangladesh,#bangladesh,2,2,0,1.0,hashtag
#programs,#programs,1,1,0,1.0,hashtag
#komen,#komen,1,1,0,1.0,hashtag
#rohingya,#rohingya,6,6,0,1.0,hashtag
#kyee,#kyee,1,1,0,1.0,hashtag
#ootd,#ootd,1,0,1,0.0,hashtag
#doubleghats,#doubleghats,1,0,1,0.0,hashtag
#fitness,#fitness,2,0,2,0.0,hashtag
#ny35,#ny35,1,1,0,1.0,hashtag
#royals,#royals,2,1,1,0.5,hashtag
#np,#np,5,0,5,0.0,hashtag
#pussy,#pussy,1,0,1,0.0,hashtag
#ass,#ass,1,0,1,0.0,hashtag
#boobs,#boobs,1,0,1,0.0,hashtag
#asian,#asian,1,0,1,0.0,hashtag
#nude,#nude,1,0,1,0.0,hashtag
#glaucoma,#glaucoma,1,1,0,1.0,hashtag
#eye,#eye,1,1,0,1.0,hashtag
#eyefacts,#eyefacts,1,1,0,1.0,hashtag
#jsunnews,#jsunnews,1,1,0,1.0,hashtag
#icd10,#icd10,1,1,0,1.0,hashtag
#queenswharf,#queenswharf,1,0,1,0.0,hashtag
#brisbane,#brisbane,1,0,1,0.0,hashtag
#rockin,#rockin,3,0,3,0.0,hashtag
#artistsunited,#artistsunited,3,0,3,0.0,hashtag
#weather,#weather,4,4,0,1.0,hashtag
#cawx,#cawx,2,2,0,1.0,hashtag
#fettilootch,#fettilootch,4,1,3,0.25,hashtag
#slanglucci,#slanglucci,4,1,3,0.25,hashtag
#govt,#govt,1,0,1,0.0,hashtag
#ethical,#ethical,1,0,1,0.0,hashtag
#danger,#danger,1,0,1,0.0,hashtag
#st,#st,1,0,1,0.0,hashtag
#nonprofit,#nonprofit,1,0,1,0.0,hashtag
#afc,#afc,2,0,2,0.0,hashtag
#coyi,#coyi,1,1,0,1.0,hashtag
#iwasdisappointedby,#iwasdisappointedby,1,0,1,0.0,hashtag
#askcharley,#askcharley,2,0,2,0.0,hashtag
#dead,#dead,1,0,1,0.0,hashtag
#emmerdale,#emmerdale,9,1,8,0.1111111111111111,hashtag
#summerfate,#summerfate,5,0,5,0.0,hashtag
#papiichampoo,#papiichampoo,1,0,1,0.0,hashtag
#cyprus,#cyprus,1,1,0,1.0,hashtag
#mullah,#mullah,1,0,1,0.0,hashtag
#cecilthelion,#cecilthelion,3,1,2,0.3333333333333333,hashtag
#follow,#follow,3,2,1,0.6666666666666666,hashtag
#vaxshill,#vaxshill,1,1,0,1.0,hashtag
#vra50,#vra50,1,1,0,1.0,hashtag
#palermo,#palermo,1,1,0,1.0,hashtag
#shipwreck,#shipwreck,1,1,0,1.0,hashtag
#children,#children,1,1,0,1.0,hashtag
#deaths,#deaths,1,1,0,1.0,hashtag
#insas,#insas,1,1,0,1.0,hashtag
#superfood,#superfood,1,0,1,0.0,hashtag
#physician,#physician,1,1,0,1.0,hashtag
#cdcwhistleblower,#cdcwhistleblower,1,1,0,1.0,hashtag
#adiossuperbacterias,#adiossuperbacterias,1,0,1,0.0,hashtag
#nghlth,#nghlth,1,1,0,1.0,hashtag
#plague,#plague,1,1,0,1.0,hashtag
#health,#health,2,2,0,1.0,hashtag
#publichealth,#publichealth,1,1,0,1.0,hashtag
#blackpool,#blackpool,2,2,0,1.0,hashtag
#beclearoncancer,#beclearoncancer,2,2,0,1.0,hashtag
#seaworld,#seaworld,1,1,0,1.0,hashtag
#opseaworld,#opseaworld,1,1,0,1.0,hashtag
#notrocketscience,#notrocketscience,1,1,0,1.0,hashtag
#aerospace,#aerospace,1,1,0,1.0,hashtag
#exec,#exec,1,1,0,1.0,hashtag
#mh370,#mh370,7,7,0,1.0,hashtag
#sad,#sad,1,1,0,1.0,hashtag
#tragedy,#tragedy,1,1,0,1.0,hashtag
#innocent,#innocent,1,1,0,1.0,hashtag
#food,#food,1,1,0,1.0,hashtag
#fun,#fun,2,1,1,0.5,hashtag
#kamindoz,#kamindoz,1,1,0,1.0,hashtag
#malaysia,#malaysia,2,2,0,1.0,hashtag
#baking,#baking,1,0,1,0.0,hashtag
#cakes,#cakes,1,0,1,0.0,hashtag
#floods,#floods,3,3,0,1.0,hashtag
#legionstrackandfield,#legionstrackandfield,1,0,1,0.0,hashtag
#king,#king,1,0,1,0.0,hashtag
#deluge,#deluge,2,0,2,0.0,hashtag
#dumuzid,#dumuzid,1,0,1,0.0,hashtag
#childsexabuse,#childsexabuse,1,1,0,1.0,hashtag
#bible,#bible,1,0,1,0.0,hashtag
#unfml,#unfml,1,0,1,0.0,hashtag
#gishwhes,#gishwhes,1,0,1,0.0,hashtag
#b2b,#b2b,1,0,1,0.0,hashtag
#b2bagency,#b2bagency,1,0,1,0.0,hashtag
#contentmarketing,#contentmarketing,1,0,1,0.0,hashtag
#asae15,#asae15,1,0,1,0.0,hashtag
#assnchat,#assnchat,1,0,1,0.0,hashtag
#meditationbymsg,#meditationbymsg,1,0,1,0.0,hashtag
#novalismi,#novalismi,1,0,1,0.0,hashtag
#glimpses,#glimpses,1,1,0,1.0,hashtag
#badotweet,#badotweet,1,0,1,0.0,hashtag
#inspiration,#inspiration,1,0,1,0.0,hashtag
#zionist,#zionist,4,4,0,1.0,hashtag
#terrorist,#terrorist,4,4,0,1.0,hashtag
#manhood,#manhood,1,0,1,0.0,hashtag
#avigdorliberman,#avigdorliberman,1,1,0,1.0,hashtag
#susiya,#susiya,1,1,0,1.0,hashtag
#android,#android,1,0,1,0.0,hashtag
#androidgames,#androidgames,1,0,1,0.0,hashtag
#gameinsight,#gameinsight,1,0,1,0.0,hashtag
#babri,#babri,1,0,1,0.0,hashtag
#charminar,#charminar,1,0,1,0.0,hashtag
#telangana,#telangana,1,0,1,0.0,hashtag
#funtimes,#funtimes,1,0,1,0.0,hashtag
#demolished,#demolished,1,0,1,0.0,hashtag
#patriots,#patriots,1,0,1,0.0,hashtag
#cantmakeitup,#cantmakeitup,1,0,1,0.0,hashtag
#patriotsnation,#patriotsnation,1,0,1,0.0,hashtag
#backtoback,#backtoback,1,1,0,1.0,hashtag
#chargedup,#chargedup,1,1,0,1.0,hashtag
#media420,#media420,1,1,0,1.0,hashtag
#papicongress,#papicongress,1,1,0,1.0,hashtag
#bbsnews,#bbsnews,1,1,0,1.0,hashtag
#buffalo,#buffalo,3,3,0,1.0,hashtag
#demolition,#demolition,2,0,2,0.0,hashtag
#workers,#workers,1,0,1,0.0,hashtag
#halifax,#halifax,1,0,1,0.0,hashtag
#burnaby,#burnaby,1,0,1,0.0,hashtag
#changefortheworse,#changefortheworse,1,0,1,0.0,hashtag
#download,#download,1,1,0,1.0,hashtag
#watch,#watch,1,1,0,1.0,hashtag
#movie,#movie,1,1,0,1.0,hashtag
#gop,#gop,3,2,1,0.6666666666666666,hashtag
#potus,#potus,1,1,0,1.0,hashtag
#isis,#isis,12,9,3,0.75,hashtag
#wmata,#wmata,6,5,1,0.8333333333333334,hashtag
#metro,#metro,3,2,1,0.6666666666666666,hashtag
#sms,#sms,1,0,1,0.0,hashtag
#freesikhpoliticalprisnors,#freesikhpoliticalprisnors,1,0,1,0.0,hashtag
#washingtonpost,#washingtonpost,2,2,0,1.0,hashtag
#india,#india,10,10,0,1.0,hashtag
#alllivesmatter,#alllivesmatter,2,0,2,0.0,hashtag
#tubestrike,#tubestrike,6,1,5,0.16666666666666666,hashtag
#coya,#coya,1,0,1,0.0,hashtag
#london,#london,1,0,1,0.0,hashtag
#donzilla,#donzilla,1,0,1,0.0,hashtag
#trump2016,#trump2016,1,0,1,0.0,hashtag
#adani,#adani,1,0,1,0.0,hashtag
#modi,#modi,2,1,1,0.5,hashtag
#kidscompany,#kidscompany,1,1,0,1.0,hashtag
#illustration,#illustration,1,0,1,0.0,hashtag
#subway,#subway,1,0,1,0.0,hashtag
#writing,#writing,1,0,1,0.0,hashtag
#identitytheft,#identitytheft,2,0,2,0.0,hashtag
#taxreturn,#taxreturn,1,0,1,0.0,hashtag
#cri,#cri,1,0,1,0.0,hashtag
#robertwelch,#robertwelch,1,0,1,0.0,hashtag
#deepthoughts,#deepthoughts,1,1,0,1.0,hashtag
#ndtv,#ndtv,1,1,0,1.0,hashtag
#teamfollowback,#teamfollowback,1,1,0,1.0,hashtag
#followback,#followback,1,1,0,1.0,hashtag
#modiministry,#modiministry,3,3,0,1.0,hashtag
#chicagoscanner,#chicagoscanner,1,1,0,1.0,hashtag
#indiatv,#indiatv,1,1,0,1.0,hashtag
#indiannews,#indiannews,2,2,0,1.0,hashtag
#topstories,#topstories,2,2,0,1.0,hashtag
#onthisday,#onthisday,1,0,1,0.0,hashtag
#soundcloud,#soundcloud,6,0,6,0.0,hashtag
#alt,#alt,1,1,0,1.0,hashtag
#electro,#electro,1,1,0,1.0,hashtag
#rock,#rock,1,1,0,1.0,hashtag
#comingsoon,#comingsoon,2,1,1,0.5,hashtag
#desolation,#desolation,1,1,0,1.0,hashtag
#theconspiracytheory,#theconspiracytheory,1,1,0,1.0,hashtag
#newep,#newep,1,1,0,1.0,hashtag
#free,#free,4,0,4,0.0,hashtag
#military,#military,6,0,6,0.0,hashtag
#thriller,#thriller,2,0,2,0.0,hashtag
#suspense,#suspense,1,0,1,0.0,hashtag
#amreading,#amreading,1,0,1,0.0,hashtag
#phoenix,#phoenix,5,4,1,0.8,hashtag
#ariz,#ariz,1,1,0,1.0,hashtag
#listia,#listia,1,0,1,0.0,hashtag
#orshow,#orshow,1,0,1,0.0,hashtag
#4,#4,2,0,2,0.0,hashtag
#cliptv,#cliptv,1,0,1,0.0,hashtag
#desolationofsmaug,#desolationofsmaug,1,0,1,0.0,hashtag
#poze,#poze,1,0,1,0.0,hashtag
#thehobbit,#thehobbit,1,0,1,0.0,hashtag
#ashes2ashes,#ashes2ashes,1,0,1,0.0,hashtag
#shantaeforsmash,#shantaeforsmash,1,0,1,0.0,hashtag
#shantae,#shantae,1,0,1,0.0,hashtag
#shantaehalfgeniehero,#shantaehalfgeniehero,1,0,1,0.0,hashtag
#nintendo,#nintendo,1,0,1,0.0,hashtag
#yiayplan,#yiayplan,1,0,1,0.0,hashtag
#luck,#luck,1,0,1,0.0,hashtag
#destroy,#destroy,2,0,2,0.0,hashtag
#reggaeboyz,#reggaeboyz,1,0,1,0.0,hashtag
#copped,#copped,1,0,1,0.0,hashtag
#beconfident,#beconfident,1,0,1,0.0,hashtag
#streetjamzdotnet,#streetjamzdotnet,1,1,0,1.0,hashtag
#ashestoashes,#ashestoashes,1,0,1,0.0,hashtag
#fn,#fn,1,0,1,0.0,hashtag
#everydaynaija,#everydaynaija,1,1,0,1.0,hashtag
#semasirtalks,#semasirtalks,1,1,0,1.0,hashtag
#abomb,#abomb,1,1,0,1.0,hashtag
#bbc,#bbc,10,7,3,0.7,hashtag
#survived,#survived,1,1,0,1.0,hashtag
#cnv,#cnv,1,1,0,1.0,hashtag
#hot,#hot,31,13,18,0.41935483870967744,hashtag
#teen,#teen,1,0,1,0.0,hashtag
#porn,#porn,3,0,3,0.0,hashtag
#milf,#milf,1,0,1,0.0,hashtag
#gh,#gh,1,0,1,0.0,hashtag
#takecare,#takecare,1,0,1,0.0,hashtag
#fly,#fly,1,0,1,0.0,hashtag
#bored,#bored,1,0,1,0.0,hashtag
#cats,#cats,1,0,1,0.0,hashtag
#destruction,#destruction,1,0,1,0.0,hashtag
#badkitty,#badkitty,1,0,1,0.0,hashtag
#thisiswhywecanthavenicethings,#thisiswhywecanthavenicethings,2,0,2,0.0,hashtag
#russian,#russian,3,1,2,0.3333333333333333,hashtag
#putin,#putin,1,1,0,1.0,hashtag
#thingsihate,#thingsihate,1,0,1,0.0,hashtag
#1,#1,6,2,4,0.3333333333333333,hashtag
#bancodeseries,#bancodeseries,2,0,2,0.0,hashtag
#boulder,#boulder,1,1,0,1.0,hashtag
#jtw,#jtw,1,0,1,0.0,hashtag
#orapinforma,#orapinforma,1,0,1,0.0,hashtag
#hhbu,#hhbu,1,0,1,0.0,hashtag
#fiya,#fiya,1,1,0,1.0,hashtag
#indie,#indie,1,1,0,1.0,hashtag
#appy,#appy,1,1,0,1.0,hashtag
#gujaratriot,#gujaratriot,1,1,0,1.0,hashtag
#mumbairiot92,#mumbairiot92,1,1,0,1.0,hashtag
#chawalchorbjp,#chawalchorbjp,1,1,0,1.0,hashtag
#losdelsonido,#losdelsonido,2,2,0,1.0,hashtag
#ivanberroa,#ivanberroa,2,2,0,1.0,hashtag
#rossbarton,#rossbarton,1,0,1,0.0,hashtag
#georgecole,#georgecole,1,1,0,1.0,hashtag
#ashes2015,#ashes2015,1,0,1,0.0,hashtag
#latestnews,#latestnews,3,3,0,1.0,hashtag
#cnbc,#cnbc,3,1,2,0.3333333333333333,hashtag
#cnn,#cnn,9,6,3,0.6666666666666666,hashtag
#hungerarticles,#hungerarticles,1,1,0,1.0,hashtag
#firstnations,#firstnations,1,1,0,1.0,hashtag
#idlenomore,#idlenomore,1,1,0,1.0,hashtag
#cndpoli,#cndpoli,1,1,0,1.0,hashtag
#yyj,#yyj,1,1,0,1.0,hashtag
#thorium,#thorium,1,1,0,1.0,hashtag
#beyondthebomb,#beyondthebomb,1,1,0,1.0,hashtag
#newyear,#newyear,1,1,0,1.0,hashtag
#momneedscoffee,#momneedscoffee,1,0,1,0.0,hashtag
#asap,#asap,1,0,1,0.0,hashtag
#iwontmakeit,#iwontmakeit,1,0,1,0.0,hashtag
#benediction,#benediction,1,0,1,0.0,hashtag
#sanelesstheory,#sanelesstheory,1,0,1,0.0,hashtag
#jakartapost,#jakartapost,1,1,0,1.0,hashtag
#mediterranean,#mediterranean,1,1,0,1.0,hashtag
#afterhaiyan,#afterhaiyan,1,1,0,1.0,hashtag
#haiyan,#haiyan,1,1,0,1.0,hashtag
#yolandaph,#yolandaph,1,1,0,1.0,hashtag
#philippines,#philippines,3,3,0,1.0,hashtag
#livelihood,#livelihood,1,1,0,1.0,hashtag
#disasterrecovery,#disasterrecovery,1,1,0,1.0,hashtag
#theneeds,#theneeds,1,1,0,1.0,hashtag
#recipes,#recipes,1,1,0,1.0,hashtag
#blowltan,#blowltan,1,1,0,1.0,hashtag
#metepec,#metepec,1,1,0,1.0,hashtag
#mexico,#mexico,1,1,0,1.0,hashtag
#nitclub,#nitclub,1,1,0,1.0,hashtag
#mì¼sica,#mì¼sica,2,2,0,1.0,hashtag
#foxnews,#foxnews,1,1,0,1.0,hashtag
#msgdoing111welfareworks,#msgdoing111welfareworks,1,1,0,1.0,hashtag
#scifi,#scifi,1,0,1,0.0,hashtag
#myanmar,#myanmar,5,5,0,1.0,hashtag
#sittwe,#sittwe,5,5,0,1.0,hashtag
#prison,#prison,3,3,0,1.0,hashtag
#genocide,#genocide,8,7,1,0.875,hashtag
#strategicpatience,#strategicpatience,5,4,1,0.8,hashtag
#syria,#syria,3,3,0,1.0,hashtag
#displaced,#displaced,1,1,0,1.0,hashtag
#refugeesmatter,#refugeesmatter,1,1,0,1.0,hashtag
#nevada,#nevada,1,1,0,1.0,hashtag
#drought,#drought,6,5,1,0.8333333333333334,hashtag
#nv,#nv,2,2,0,1.0,hashtag
#makewaterwork,#makewaterwork,1,1,0,1.0,hashtag
#westerncanadadrought,#westerncanadadrought,1,1,0,1.0,hashtag
#cloud,#cloud,1,1,0,1.0,hashtag
#iot,#iot,1,1,0,1.0,hashtag
#weed,#weed,1,1,0,1.0,hashtag
#droughtmonitor,#droughtmonitor,1,1,0,1.0,hashtag
#rain,#rain,2,1,1,0.5,hashtag
#scwx,#scwx,2,1,1,0.5,hashtag
#macon,#macon,1,1,0,1.0,hashtag
#warnerrobins,#warnerrobins,1,1,0,1.0,hashtag
#dublin,#dublin,1,1,0,1.0,hashtag
#milledgeville,#milledgeville,1,1,0,1.0,hashtag
#gawx,#gawx,2,2,0,1.0,hashtag
#cadrought,#cadrought,1,0,1,0.0,hashtag
#lakeisabella,#lakeisabella,1,0,1,0.0,hashtag
#live,#live,1,0,1,0.0,hashtag
#allthekidneybeansandsorbet4misha,#allthekidneybeansandsorbet4misha,1,0,1,0.0,hashtag
#yes,#yes,2,0,2,0.0,hashtag
#gamergate,#gamergate,3,0,3,0.0,hashtag
#promo,#promo,1,0,1,0.0,hashtag
#dw,#dw,1,1,0,1.0,hashtag
#ufo4ublogeurope,#ufo4ublogeurope,1,1,0,1.0,hashtag
#libya,#libya,5,5,0,1.0,hashtag
#alameda,#alameda,1,1,0,1.0,hashtag
#coke,#coke,1,1,0,1.0,hashtag
#summer2k15,#summer2k15,1,0,1,0.0,hashtag
#icymi,#icymi,1,0,1,0.0,hashtag
#annoucement,#annoucement,1,0,1,0.0,hashtag
#nashsnewvideo,#nashsnewvideo,1,0,1,0.0,hashtag
#anxietyproblems,#anxietyproblems,1,0,1,0.0,hashtag
#islamic,#islamic,1,0,1,0.0,hashtag
#state,#state,1,0,1,0.0,hashtag
#brochure,#brochure,1,0,1,0.0,hashtag
#bomb,#bomb,1,0,1,0.0,hashtag
#duststorm,#duststorm,1,1,0,1.0,hashtag
#cogxbox,#cogxbox,1,0,1,0.0,hashtag
#xboxone,#xboxone,1,0,1,0.0,hashtag
#xbox,#xbox,1,0,1,0.0,hashtag
#idwx,#idwx,1,1,0,1.0,hashtag
#sismo,#sismo,10,9,1,0.9,hashtag
#earthquakenews,#earthquakenews,1,1,0,1.0,hashtag
#3novices,#3novices,1,1,0,1.0,hashtag
#shelli,#shelli,2,0,2,0.0,hashtag
#cs,#cs,2,1,1,0.5,hashtag
#anchorage,#anchorage,2,1,1,0.5,hashtag
#usgs,#usgs,5,4,1,0.8,hashtag
#earthtwerk,#earthtwerk,1,1,0,1.0,hashtag
#scseestapreparando,#scseestapreparando,1,1,0,1.0,hashtag
#sm,#sm,3,2,1,0.6666666666666666,hashtag
#euroquake,#euroquake,1,0,1,0.0,hashtag
#quake,#quake,2,2,0,1.0,hashtag
#difficultpeople,#difficultpeople,1,1,0,1.0,hashtag
#megaquake,#megaquake,1,1,0,1.0,hashtag
#uglypeople,#uglypeople,1,1,0,1.0,hashtag
#pakistan,#pakistan,6,5,1,0.8333333333333334,hashtag
#borderlands,#borderlands,1,0,1,0.0,hashtag
#borderlands2,#borderlands2,1,0,1,0.0,hashtag
#oocvg,#oocvg,1,0,1,0.0,hashtag
#ftw,#ftw,1,0,1,0.0,hashtag
#red,#red,1,0,1,0.0,hashtag
#redblood,#redblood,1,0,1,0.0,hashtag
#videoclip,#videoclip,1,0,1,0.0,hashtag
#columbus,#columbus,1,1,0,1.0,hashtag
#rowysolouisville,#rowysolouisville,1,1,0,1.0,hashtag
#southkorea,#southkorea,1,0,1,0.0,hashtag
#tigers,#tigers,2,1,1,0.5,hashtag
#china,#china,3,2,1,0.6666666666666666,hashtag
#saveti,#saveti,1,1,0,1.0,hashtag
#mumbailocals,#mumbailocals,1,1,0,1.0,hashtag
#lessonforlife,#lessonforlife,1,1,0,1.0,hashtag
#marinelines,#marinelines,1,1,0,1.0,hashtag
#37592,#37592,1,0,1,0.0,hashtag
#archipelagowolves,#archipelagowolves,1,1,0,1.0,hashtag
#extinction,#extinction,1,1,0,1.0,hashtag
#standforwolves,#standforwolves,1,1,0,1.0,hashtag
#international,#international,2,1,1,0.5,hashtag
#drjustinmazur,#drjustinmazur,1,0,1,0.0,hashtag
#tookitlikeaman,#tookitlikeaman,1,0,1,0.0,hashtag
#lovemydentist,#lovemydentist,1,0,1,0.0,hashtag
#sore,#sore,1,0,1,0.0,hashtag
#protectdenaliwolves,#protectdenaliwolves,2,1,1,0.5,hashtag
#fire,#fire,4,2,2,0.5,hashtag
#firemen,#firemen,1,1,0,1.0,hashtag
#firetruck,#firetruck,1,1,0,1.0,hashtag
#emergency,#emergency,5,3,2,0.6,hashtag
#rescue,#rescue,1,1,0,1.0,hashtag
#911,#911,1,1,0,1.0,hashtag
#summertime,#summertime,1,1,0,1.0,hashtag
#sirens,#sirens,1,1,0,1.0,hashtag
#yyc,#yyc,10,10,0,1.0,hashtag
#abstorm,#abstorm,9,9,0,1.0,hashtag
#retail,#retail,1,0,1,0.0,hashtag
#nbc15,#nbc15,1,0,1,0.0,hashtag
#biztip,#biztip,1,1,0,1.0,hashtag
#solar,#solar,3,3,0,1.0,hashtag
#families,#families,1,0,1,0.0,hashtag
#autism,#autism,1,0,1,0.0,hashtag
#specialneeds,#specialneeds,1,0,1,0.0,hashtag
#homeless,#homeless,1,1,0,1.0,hashtag
#cochrane,#cochrane,1,1,0,1.0,hashtag
#nursing,#nursing,8,2,6,0.25,hashtag
#torrance,#torrance,1,0,1,0.0,hashtag
#olympia,#olympia,1,1,0,1.0,hashtag
#houston,#houston,1,1,0,1.0,hashtag
#veterans,#veterans,3,0,3,0.0,hashtag
#followme,#followme,1,0,1,0.0,hashtag
#rn,#rn,1,0,1,0.0,hashtag
#henderson,#henderson,1,0,1,0.0,hashtag
#missionhills,#missionhills,2,0,2,0.0,hashtag
#healthcare,#healthcare,2,0,2,0.0,hashtag
#kodiak,#kodiak,2,0,2,0.0,hashtag
#tarzana,#tarzana,1,0,1,0.0,hashtag
#southline,#southline,1,1,0,1.0,hashtag
#prophetmuhammad,#prophetmuhammad,6,2,4,0.3333333333333333,hashtag
#islam,#islam,23,9,14,0.391304347826087,hashtag
#trafficalert,#trafficalert,1,1,0,1.0,hashtag
#literarycakes,#literarycakes,1,0,1,0.0,hashtag
#raheelsharif,#raheelsharif,1,1,0,1.0,hashtag
#boycottbears,#boycottbears,1,0,1,0.0,hashtag
#tanzania,#tanzania,1,0,1,0.0,hashtag
#ca,#ca,2,2,0,1.0,hashtag
#ut,#ut,1,1,0,1.0,hashtag
#co,#co,1,1,0,1.0,hashtag
#or,#or,1,1,0,1.0,hashtag
#039,#039,2,2,0,1.0,hashtag
#tennews,#tennews,1,1,0,1.0,hashtag
#evacuate,#evacuate,1,1,0,1.0,hashtag
#yemen,#yemen,1,1,0,1.0,hashtag
#evacuation,#evacuation,1,1,0,1.0,hashtag
#abandoned,#abandoned,1,1,0,1.0,hashtag
#fifa16,#fifa16,2,0,2,0.0,hashtag
#whocares,#whocares,1,0,1,0.0,hashtag
#nazis,#nazis,1,0,1,0.0,hashtag
#murfreesboro,#murfreesboro,1,1,0,1.0,hashtag
#walmart,#walmart,1,1,0,1.0,hashtag
#liveonk2,#liveonk2,2,2,0,1.0,hashtag
#koin6news,#koin6news,3,3,0,1.0,hashtag
#miami,#miami,3,3,0,1.0,hashtag
#atlanta,#atlanta,3,3,0,1.0,hashtag
#casper,#casper,3,3,0,1.0,hashtag
#manchesterlite,#manchesterlite,1,1,0,1.0,hashtag
#sr14,#sr14,1,1,0,1.0,hashtag
#morevoices,#morevoices,1,1,0,1.0,hashtag
#roosevelt,#roosevelt,1,1,0,1.0,hashtag
#calfires,#calfires,1,1,0,1.0,hashtag
#lolla,#lolla,1,1,0,1.0,hashtag
#trc,#trc,1,0,1,0.0,hashtag
#reidlake,#reidlake,1,1,0,1.0,hashtag
#nwt,#nwt,1,1,0,1.0,hashtag
#yzf,#yzf,1,1,0,1.0,hashtag
#feelingmanly,#feelingmanly,1,0,1,0.0,hashtag
#nb,#nb,1,1,0,1.0,hashtag
#hitting,#hitting,1,0,1,0.0,hashtag
#load,#load,1,0,1,0.0,hashtag
#photo,#photo,3,1,2,0.3333333333333333,hashtag
#hotnewscake,#hotnewscake,1,0,1,0.0,hashtag
#pets,#pets,1,0,1,0.0,hashtag
#dogs,#dogs,1,0,1,0.0,hashtag
#animals,#animals,1,0,1,0.0,hashtag
#puppy,#puppy,2,0,2,0.0,hashtag
#medinah,#medinah,1,1,0,1.0,hashtag
#imkeepingmydayjob,#imkeepingmydayjob,1,1,0,1.0,hashtag
#17,#17,1,1,0,1.0,hashtag
#otrametlife,#otrametlife,4,1,3,0.25,hashtag
#38745,#38745,1,0,1,0.0,hashtag
#dating,#dating,1,0,1,0.0,hashtag
#meet,#meet,1,0,1,0.0,hashtag
#sex,#sex,3,0,3,0.0,hashtag
#science,#science,5,5,0,1.0,hashtag
#life,#life,3,3,0,1.0,hashtag
#16,#16,1,1,0,1.0,hashtag
#war,#war,2,2,0,1.0,hashtag
#atomicbomb,#atomicbomb,1,1,0,1.0,hashtag
#cum,#cum,1,0,1,0.0,hashtag
#hangout,#hangout,1,0,1,0.0,hashtag
#dcubecrafts,#dcubecrafts,1,0,1,0.0,hashtag
#greetingcards,#greetingcards,1,0,1,0.0,hashtag
#eyewitness,#eyewitness,1,0,1,0.0,hashtag
#ugc,#ugc,1,0,1,0.0,hashtag
#climatechange,#climatechange,2,2,0,1.0,hashtag
#anarchy,#anarchy,1,1,0,1.0,hashtag
#liveonkbak,#liveonkbak,1,1,0,1.0,hashtag
#bokoharam,#bokoharam,1,0,1,0.0,hashtag
#bluebell,#bluebell,1,1,0,1.0,hashtag
#iartg,#iartg,1,0,1,0.0,hashtag
#rwa,#rwa,1,0,1,0.0,hashtag
#tw4rw,#tw4rw,1,0,1,0.0,hashtag
#rrbc,#rrbc,1,0,1,0.0,hashtag
#dynamix,#dynamix,1,0,1,0.0,hashtag
#9,#9,3,2,1,0.6666666666666666,hashtag
#hopeinchrist,#hopeinchrist,1,1,0,1.0,hashtag
#gunfail,#gunfail,1,1,0,1.0,hashtag
#nra,#nra,1,1,0,1.0,hashtag
#crimes,#crimes,1,1,0,1.0,hashtag
#justice,#justice,1,1,0,1.0,hashtag
#courts,#courts,1,1,0,1.0,hashtag
#education,#education,1,0,1,0.0,hashtag
#econom,#econom,1,0,1,0.0,hashtag
#hse,#hse,1,0,1,0.0,hashtag
#saudi,#saudi,3,3,0,1.0,hashtag
#abha,#abha,1,1,0,1.0,hashtag
#ggindependencmessage,#ggindependencmessage,1,0,1,0.0,hashtag
#hiroshima70,#hiroshima70,2,2,0,1.0,hashtag
#visionzero,#visionzero,1,0,1,0.0,hashtag
#shipping,#shipping,1,1,0,1.0,hashtag
#logistics,#logistics,1,1,0,1.0,hashtag
#paranormal,#paranormal,1,0,1,0.0,hashtag
#perrychat,#perrychat,1,0,1,0.0,hashtag
#blackinamerica,#blackinamerica,1,0,1,0.0,hashtag
#growingupblack,#growingupblack,2,0,2,0.0,hashtag
#choosegod,#choosegod,1,0,1,0.0,hashtag
#restoringpaths,#restoringpaths,1,0,1,0.0,hashtag
#thexfiles201days,#thexfiles201days,1,0,1,0.0,hashtag
#allah,#allah,5,2,3,0.4,hashtag
#besttalkradio,#besttalkradio,1,0,1,0.0,hashtag
#deltachildren,#deltachildren,1,0,1,0.0,hashtag
#instaquote,#instaquote,1,0,1,0.0,hashtag
#quoteoftheday,#quoteoftheday,1,0,1,0.0,hashtag
#disney,#disney,1,0,1,0.0,hashtag
#waltdisney,#waltdisney,1,0,1,0.0,hashtag
#shoes,#shoes,3,0,3,0.0,hashtag
#canonbringit,#canonbringit,1,0,1,0.0,hashtag
#canontattoo,#canontattoo,1,0,1,0.0,hashtag
#mn,#mn,1,0,1,0.0,hashtag
#theresmorewherethatcamefrom,#theresmorewherethatcamefrom,1,0,1,0.0,hashtag
#lovefood,#lovefood,1,1,0,1.0,hashtag
#euro,#euro,1,0,1,0.0,hashtag
#dontexpectnothing,#dontexpectnothing,1,0,1,0.0,hashtag
#july,#july,1,0,1,0.0,hashtag
#rfp,#rfp,1,0,1,0.0,hashtag
#reno,#reno,1,1,0,1.0,hashtag
#3,#3,2,1,1,0.5,hashtag
#prayforsaipan,#prayforsaipan,1,1,0,1.0,hashtag
#sigalert,#sigalert,2,2,0,1.0,hashtag
#fireman,#fireman,1,0,1,0.0,hashtag
#filipino,#filipino,1,0,1,0.0,hashtag
#njturnpike,#njturnpike,2,2,0,1.0,hashtag
#lukebox,#lukebox,1,0,1,0.0,hashtag
#charity,#charity,1,0,1,0.0,hashtag
#run,#run,1,0,1,0.0,hashtag
#smarttek,#smarttek,1,0,1,0.0,hashtag
#mpers,#mpers,1,0,1,0.0,hashtag
#safety,#safety,1,0,1,0.0,hashtag
#gisuserpr,#gisuserpr,1,0,1,0.0,hashtag
#geotech,#geotech,1,0,1,0.0,hashtag
#paramedic,#paramedic,2,1,1,0.5,hashtag
#999day,#999day,1,1,0,1.0,hashtag
#tn,#tn,1,1,0,1.0,hashtag
#luchaunderground,#luchaunderground,2,0,2,0.0,hashtag
#sbnation,#sbnation,1,0,1,0.0,hashtag
#flames,#flames,1,0,1,0.0,hashtag
#portgassdk,#portgassdk,1,0,1,0.0,hashtag
#rubybot,#rubybot,1,0,1,0.0,hashtag
#muaytai,#muaytai,1,0,1,0.0,hashtag
#wantmyabsback,#wantmyabsback,1,0,1,0.0,hashtag
#strong,#strong,1,0,1,0.0,hashtag
#cfc,#cfc,1,0,1,0.0,hashtag
#nagasaki,#nagasaki,3,3,0,1.0,hashtag
#floored4,#floored4,1,0,1,0.0,hashtag
#flattened,#flattened,1,0,1,0.0,hashtag
#muppet,#muppet,1,0,1,0.0,hashtag
#robertcalifornia,#robertcalifornia,1,0,1,0.0,hashtag
#thereisonlysex,#thereisonlysex,1,0,1,0.0,hashtag
#hail,#hail,2,1,1,0.5,hashtag
#wx,#wx,7,7,0,1.0,hashtag
#socialnews,#socialnews,5,5,0,1.0,hashtag
#452,#452,1,0,1,0.0,hashtag
#alwx,#alwx,1,1,0,1.0,hashtag
#grants,#grants,1,1,0,1.0,hashtag
#funds,#funds,1,1,0,1.0,hashtag
#wxky,#wxky,1,1,0,1.0,hashtag
#environment,#environment,3,1,2,0.3333333333333333,hashtag
#nature,#nature,2,2,0,1.0,hashtag
#hunwx,#hunwx,1,1,0,1.0,hashtag
#homeimprovement,#homeimprovement,1,0,1,0.0,hashtag
#mmda,#mmda,1,0,1,0.0,hashtag
#laos,#laos,1,1,0,1.0,hashtag
#ukfloods,#ukfloods,1,1,0,1.0,hashtag
#insubcontinent,#insubcontinent,1,1,0,1.0,hashtag
#valleywx,#valleywx,1,1,0,1.0,hashtag
#vietnam,#vietnam,1,1,0,1.0,hashtag
#ocnj,#ocnj,1,1,0,1.0,hashtag
#frvrgrateful,#frvrgrateful,1,0,1,0.0,hashtag
#writingtips,#writingtips,1,1,0,1.0,hashtag
#farrakhan,#farrakhan,3,1,2,0.3333333333333333,hashtag
#quote,#quote,5,1,4,0.2,hashtag
#priceless,#priceless,2,0,2,0.0,hashtag
#jazz,#jazz,1,0,1,0.0,hashtag
#music,#music,2,0,2,0.0,hashtag
#worldvision,#worldvision,1,1,0,1.0,hashtag
#paraguay,#paraguay,1,1,0,1.0,hashtag
#dua,#dua,1,1,0,1.0,hashtag
#typhoon,#typhoon,1,1,0,1.0,hashtag
#routecomplex,#routecomplex,2,2,0,1.0,hashtag
#socal,#socal,1,1,0,1.0,hashtag
#realhiphop,#realhiphop,1,1,0,1.0,hashtag
#naturaldisasters,#naturaldisasters,1,1,0,1.0,hashtag
#palmoil,#palmoil,1,1,0,1.0,hashtag
#forest,#forest,2,1,1,0.5,hashtag
#indonesia,#indonesia,2,2,0,1.0,hashtag
#bcpoli,#bcpoli,1,1,0,1.0,hashtag
#canpoli,#canpoli,1,1,0,1.0,hashtag
#vanpoli,#vanpoli,1,1,0,1.0,hashtag
#trees,#trees,1,0,1,0.0,hashtag
#deep,#deep,1,0,1,0.0,hashtag
#lake,#lake,1,0,1,0.0,hashtag
#heartdisease,#heartdisease,1,1,0,1.0,hashtag
#straightfire,#straightfire,1,1,0,1.0,hashtag
#goblue,#goblue,1,1,0,1.0,hashtag
#wrestleon,#wrestleon,1,1,0,1.0,hashtag
#youtube,#youtube,2,1,1,0.5,hashtag
#sirmixalot,#sirmixalot,1,0,1,0.0,hashtag
#arwx,#arwx,3,3,0,1.0,hashtag
#wcw,#wcw,1,0,1,0.0,hashtag
#kotaweather,#kotaweather,2,2,0,1.0,hashtag
#yycstorm,#yycstorm,3,3,0,1.0,hashtag
#parkchat,#parkchat,1,0,1,0.0,hashtag
#okwx,#okwx,7,7,0,1.0,hashtag
#mothernature,#mothernature,1,1,0,1.0,hashtag
#hailstorm,#hailstorm,7,7,0,1.0,hashtag
#yycfringe,#yycfringe,1,1,0,1.0,hashtag
#killhard,#killhard,1,1,0,1.0,hashtag
#boston,#boston,3,3,0,1.0,hashtag
#round2,#round2,1,1,0,1.0,hashtag
#summer,#summer,1,1,0,1.0,hashtag
#calgary,#calgary,3,3,0,1.0,hashtag
#crazyweather,#crazyweather,1,1,0,1.0,hashtag
#notgoingoutinthat,#notgoingoutinthat,1,1,0,1.0,hashtag
#alberta,#alberta,2,2,0,1.0,hashtag
#haildamage,#haildamage,1,1,0,1.0,hashtag
#yycweather,#yycweather,1,1,0,1.0,hashtag
#captureyyc,#captureyyc,1,1,0,1.0,hashtag
#sto,#sto,1,1,0,1.0,hashtag
#carlilescanoelivery,#carlilescanoelivery,1,0,1,0.0,hashtag
#lovemyjob,#lovemyjob,1,0,1,0.0,hashtag
#cowx,#cowx,1,1,0,1.0,hashtag
#jamaicaplain,#jamaicaplain,2,2,0,1.0,hashtag
#iamdowntown,#iamdowntown,1,1,0,1.0,hashtag
#otratmetlife,#otratmetlife,1,0,1,0.0,hashtag
#plannedparenthood,#plannedparenthood,1,0,1,0.0,hashtag
#lifestyle,#lifestyle,1,0,1,0.0,hashtag
#chelsea,#chelsea,1,0,1,0.0,hashtag
#hazard,#hazard,1,0,1,0.0,hashtag
#wholeteam3,#wholeteam3,1,0,1,0.0,hashtag
#wholesaleent,#wholesaleent,1,0,1,0.0,hashtag
#taiwan,#taiwan,2,2,0,1.0,hashtag
#sustainable,#sustainable,1,0,1,0.0,hashtag
#foodscare,#foodscare,3,2,1,0.6666666666666666,hashtag
#offers2go,#offers2go,3,2,1,0.6666666666666666,hashtag
#nestleindia,#nestleindia,3,2,1,0.6666666666666666,hashtag
#magginoodle,#magginoodle,3,2,1,0.6666666666666666,hashtag
#ban,#ban,3,2,1,0.6666666666666666,hashtag
#humanconsumption,#humanconsumption,3,2,1,0.6666666666666666,hashtag
#what,#what,1,0,1,0.0,hashtag
#tribal,#tribal,1,0,1,0.0,hashtag
#dam,#dam,1,1,0,1.0,hashtag
#gms,#gms,1,1,0,1.0,hashtag
#pp15000266858,#pp15000266858,1,1,0,1.0,hashtag
#pdx911,#pdx911,2,1,1,0.5,hashtag
#psd,#psd,1,1,0,1.0,hashtag
#special,#special,1,1,0,1.0,hashtag
#lawx,#lawx,1,1,0,1.0,hashtag
#squad,#squad,1,1,0,1.0,hashtag
#revitup,#revitup,1,1,0,1.0,hashtag
#pizzarev,#pizzarev,1,1,0,1.0,hashtag
#jackson,#jackson,1,1,0,1.0,hashtag
#ms,#ms,1,1,0,1.0,hashtag
#greatbritishbakeoff,#greatbritishbakeoff,2,1,1,0.5,hashtag
#afterlife,#afterlife,5,1,4,0.2,hashtag
#wealth,#wealth,3,1,2,0.3333333333333333,hashtag
#forever,#forever,3,1,2,0.3333333333333333,hashtag
#hellfire,#hellfire,4,2,2,0.5,hashtag
#reflect,#reflect,3,1,2,0.3333333333333333,hashtag
#wod,#wod,1,1,0,1.0,hashtag
#jagm,#jagm,1,0,1,0.0,hashtag
#tow,#tow,1,0,1,0.0,hashtag
#humanrights,#humanrights,1,1,0,1.0,hashtag
#mcgsecure,#mcgsecure,1,0,1,0.0,hashtag
#sacramento,#sacramento,1,1,0,1.0,hashtag
#fresno,#fresno,1,1,0,1.0,hashtag
#prebreak,#prebreak,30,13,17,0.43333333333333335,hashtag
#best,#best,30,13,17,0.43333333333333335,hashtag
#263chat,#263chat,1,1,0,1.0,hashtag
#twimbos,#twimbos,1,1,0,1.0,hashtag
#flavorchargedtea,#flavorchargedtea,1,0,1,0.0,hashtag
#auspol,#auspol,3,1,2,0.3333333333333333,hashtag
#freeamirnow,#freeamirnow,1,1,0,1.0,hashtag
#freeallfour,#freeallfour,1,1,0,1.0,hashtag
#hostages,#hostages,4,4,0,1.0,hashtag
#iran,#iran,3,3,0,1.0,hashtag
#lh_movie,#lh_movie,1,0,1,0.0,hashtag
#indiefilm,#indiefilm,1,0,1,0.0,hashtag
#terrorism,#terrorism,11,8,3,0.7272727272727273,hashtag
#africa,#africa,6,6,0,1.0,hashtag
#ap,#ap,3,3,0,1.0,hashtag
#ts,#ts,3,3,0,1.0,hashtag
#nri,#nri,3,3,0,1.0,hashtag
#trs,#trs,3,3,0,1.0,hashtag
#tdp,#tdp,3,3,0,1.0,hashtag
#bjp,#bjp,3,3,0,1.0,hashtag
#aviationaddicts,#aviationaddicts,1,1,0,1.0,hashtag
#sinjar,#sinjar,3,3,0,1.0,hashtag
#yazidis,#yazidis,2,2,0,1.0,hashtag
#clip,#clip,1,0,1,0.0,hashtag
#adult,#adult,1,0,1,0.0,hashtag
#tube,#tube,1,0,1,0.0,hashtag
#noirandeal,#noirandeal,1,1,0,1.0,hashtag
#tedcruz2016,#tedcruz2016,1,1,0,1.0,hashtag
#security,#security,2,1,1,0.5,hashtag
#yazidi,#yazidi,2,2,0,1.0,hashtag
#is,#is,1,1,0,1.0,hashtag
#hurricane,#hurricane,3,3,0,1.0,hashtag
#guillermo,#guillermo,3,3,0,1.0,hashtag
#meteoearth,#meteoearth,2,2,0,1.0,hashtag
#snowden,#snowden,1,1,0,1.0,hashtag
#kick,#kick,2,1,1,0.5,hashtag
#yug,#yug,1,1,0,1.0,hashtag
#suryaray,#suryaray,1,1,0,1.0,hashtag
#wakeupflorida,#wakeupflorida,1,0,1,0.0,hashtag
#floridians,#floridians,1,0,1,0.0,hashtag
#trophyhunt,#trophyhunt,1,0,1,0.0,hashtag
#8392,#8392,1,1,0,1.0,hashtag
#renew911health,#renew911health,2,2,0,1.0,hashtag
#golf,#golf,1,0,1,0.0,hashtag
#riders,#riders,1,0,1,0.0,hashtag
#nj36,#nj36,1,1,0,1.0,hashtag
#disabledveterans,#disabledveterans,1,0,1,0.0,hashtag
#thepartyofmeanness,#thepartyofmeanness,1,0,1,0.0,hashtag
#ns,#ns,1,1,0,1.0,hashtag
#chinadotcom,#chinadotcom,1,0,1,0.0,hashtag
#sports,#sports,1,0,1,0.0,hashtag
#arsenal,#arsenal,1,1,0,1.0,hashtag
#usmnt,#usmnt,1,0,1,0.0,hashtag
#poster,#poster,1,0,1,0.0,hashtag
#ergo,#ergo,1,0,1,0.0,hashtag
#cuff,#cuff,1,0,1,0.0,hashtag
#injury,#injury,1,0,1,0.0,hashtag
#pft,#pft,1,0,1,0.0,hashtag
#nyg,#nyg,1,0,1,0.0,hashtag
#nfl,#nfl,1,0,1,0.0,hashtag
#playoffs,#playoffs,1,0,1,0.0,hashtag
#cowboys,#cowboys,2,0,2,0.0,hashtag
#wcvb,#wcvb,1,1,0,1.0,hashtag
#tms7,#tms7,1,0,1,0.0,hashtag
#worm,#worm,1,0,1,0.0,hashtag
#bangladeshaffected,#bangladeshaffected,1,1,0,1.0,hashtag
#bangladeshflood,#bangladeshflood,1,1,0,1.0,hashtag
#mainstage,#mainstage,1,0,1,0.0,hashtag
#kro,#kro,1,0,1,0.0,hashtag
#sinkhole,#sinkhole,2,1,1,0.5,hashtag
#landslide,#landslide,5,3,2,0.6,hashtag
#emsc,#emsc,1,1,0,1.0,hashtag
#q99,#q99,1,0,1,0.0,hashtag
#tory,#tory,1,1,0,1.0,hashtag
#g,#g,1,1,0,1.0,hashtag
#89x,#89x,1,0,1,0.0,hashtag
#flashflood,#flashflood,1,1,0,1.0,hashtag
#365disasters,#365disasters,1,1,0,1.0,hashtag
#skardu,#skardu,1,0,1,0.0,hashtag
#pantherattack,#pantherattack,5,2,3,0.4,hashtag
#kidsthesedays,#kidsthesedays,1,0,1,0.0,hashtag
#e,#e,1,0,1,0.0,hashtag
#baby,#baby,1,0,1,0.0,hashtag
#swim,#swim,1,0,1,0.0,hashtag
#parents,#parents,1,0,1,0.0,hashtag
#waterboarding,#waterboarding,1,0,1,0.0,hashtag
#lava,#lava,1,0,1,0.0,hashtag
#shakeology,#shakeology,1,0,1,0.0,hashtag
#034,#034,1,0,1,0.0,hashtag
#lightning,#lightning,2,1,1,0.5,hashtag
#629,#629,1,1,0,1.0,hashtag
#pics,#pics,2,2,0,1.0,hashtag
#scichat,#scichat,1,1,0,1.0,hashtag
#actionmoviestaughtus,#actionmoviestaughtus,1,0,1,0.0,hashtag
#wimbledon,#wimbledon,1,0,1,0.0,hashtag
#faroe,#faroe,1,1,0,1.0,hashtag
#atombomb,#atombomb,1,1,0,1.0,hashtag
#faroeislands,#faroeislands,3,2,1,0.6666666666666666,hashtag
#debatequestionswewanttohear,#debatequestionswewanttohear,2,2,0,1.0,hashtag
#wahhabism,#wahhabism,1,1,0,1.0,hashtag
#antioch,#antioch,6,6,0,1.0,hashtag
#gunsense,#gunsense,3,1,2,0.3333333333333333,hashtag
#gfz,#gfz,1,1,0,1.0,hashtag
#theatershooting,#theatershooting,1,1,0,1.0,hashtag
#movietheatre,#movietheatre,1,1,0,1.0,hashtag
#615,#615,1,1,0,1.0,hashtag
#grindhouse,#grindhouse,1,0,1,0.0,hashtag
#texaschainsawmassacre,#texaschainsawmassacre,1,0,1,0.0,hashtag
#yazidi_shingal_genocide,#yazidi_shingal_genocide,1,1,0,1.0,hashtag
#ezidigenocide,#ezidigenocide,1,1,0,1.0,hashtag
#rememberrabaa,#rememberrabaa,1,1,0,1.0,hashtag
#obama,#obama,2,2,0,1.0,hashtag
#clinton,#clinton,1,1,0,1.0,hashtag
#bush,#bush,1,1,0,1.0,hashtag
#abc,#abc,2,2,0,1.0,hashtag
#cbs,#cbs,1,1,0,1.0,hashtag
#wsj,#wsj,1,1,0,1.0,hashtag
#wpo,#wpo,1,1,0,1.0,hashtag
#becarefulharry,#becarefulharry,1,0,1,0.0,hashtag
#giveaway,#giveaway,1,0,1,0.0,hashtag
#7,#7,4,0,4,0.0,hashtag
#ramag,#ramag,4,0,4,0.0,hashtag
#models,#models,4,0,4,0.0,hashtag
#mayhem,#mayhem,4,0,4,0.0,hashtag
#4playthursdays,#4playthursdays,2,0,2,0.0,hashtag
#masterchef,#masterchef,1,0,1,0.0,hashtag
#nosurrender,#nosurrender,2,0,2,0.0,hashtag
#rt_4_a_mention,#rt_4_a_mention,1,0,1,0.0,hashtag
#ty,#ty,1,0,1,0.0,hashtag
#pitchwars,#pitchwars,1,0,1,0.0,hashtag
#blessed,#blessed,2,0,2,0.0,hashtag
#drum,#drum,1,0,1,0.0,hashtag
#heavy,#heavy,1,0,1,0.0,hashtag
#nasty,#nasty,1,0,1,0.0,hashtag
#tangletalk,#tangletalk,1,0,1,0.0,hashtag
#amazon,#amazon,2,1,1,0.5,hashtag
#140,#140,1,0,1,0.0,hashtag
#ushanka,#ushanka,2,0,2,0.0,hashtag
#winter,#winter,3,1,2,0.3333333333333333,hashtag
#cossack,#cossack,1,0,1,0.0,hashtag
#hillaryclinton,#hillaryclinton,1,0,1,0.0,hashtag
#author,#author,1,0,1,0.0,hashtag
#interview,#interview,1,0,1,0.0,hashtag
#gravity,#gravity,1,0,1,0.0,hashtag
#mom,#mom,1,0,1,0.0,hashtag
#tomclancy,#tomclancy,1,0,1,0.0,hashtag
#mudslide,#mudslide,4,3,1,0.75,hashtag
#britishbakeoff,#britishbakeoff,1,0,1,0.0,hashtag
#paulhollywood,#paulhollywood,1,0,1,0.0,hashtag
#icelandreview,#icelandreview,1,1,0,1.0,hashtag
#vaginaorcake,#vaginaorcake,1,1,0,1.0,hashtag
#bakeofffriends,#bakeofffriends,2,0,2,0.0,hashtag
#gbbo2015,#gbbo2015,1,1,0,1.0,hashtag
#arkansas,#arkansas,1,1,0,1.0,hashtag
#nola,#nola,1,1,0,1.0,hashtag
#askconnor,#askconnor,1,0,1,0.0,hashtag
#fukushima,#fukushima,9,8,1,0.8888888888888888,hashtag
#nonucleariran,#nonucleariran,1,0,1,0.0,hashtag
#badirandeal,#badirandeal,1,0,1,0.0,hashtag
#chernobyl,#chernobyl,2,1,1,0.5,hashtag
#tepco,#tepco,2,2,0,1.0,hashtag
#natural,#natural,1,1,0,1.0,hashtag
#japanjapan,#japanjapan,1,1,0,1.0,hashtag
#nuclear,#nuclear,9,7,2,0.7777777777777778,hashtag
#anonymous,#anonymous,1,1,0,1.0,hashtag
#nytimes,#nytimes,3,3,0,1.0,hashtag
#jishin_e,#jishin_e,1,1,0,1.0,hashtag
#minamisoma,#minamisoma,1,1,0,1.0,hashtag
#irannucleardeal,#irannucleardeal,1,1,0,1.0,hashtag
#refugees,#refugees,5,3,2,0.6,hashtag
#afp,#afp,1,1,0,1.0,hashtag
#guardian,#guardian,2,2,0,1.0,hashtag
#wps,#wps,1,1,0,1.0,hashtag
#global,#global,1,1,0,1.0,hashtag
#failure,#failure,1,1,0,1.0,hashtag
#annonymous,#annonymous,1,1,0,1.0,hashtag
#ge,#ge,1,0,1,0.0,hashtag
#robot,#robot,1,0,1,0.0,hashtag
#navy,#navy,1,1,0,1.0,hashtag
#japanese,#japanese,1,1,0,1.0,hashtag
#winechat,#winechat,1,0,1,0.0,hashtag
#subs,#subs,1,0,1,0.0,hashtag
#sizewell,#sizewell,1,1,0,1.0,hashtag
#richhomeydon,#richhomeydon,1,0,1,0.0,hashtag
#swag,#swag,1,0,1,0.0,hashtag
#likes,#likes,1,0,1,0.0,hashtag
#instagramers,#instagramers,1,0,1,0.0,hashtag
#kneelbot,#kneelbot,1,0,1,0.0,hashtag
#lol,#lol,2,1,1,0.5,hashtag
#jonvoyage,#jonvoyage,2,0,2,0.0,hashtag
#gym,#gym,1,0,1,0.0,hashtag
#gymflow,#gymflow,1,0,1,0.0,hashtag
#gymtime,#gymtime,1,0,1,0.0,hashtag
#team,#team,1,0,1,0.0,hashtag
#assassins,#assassins,1,0,1,0.0,hashtag
#michelebachman,#michelebachman,2,1,1,0.5,hashtag
#globalwarming,#globalwarming,2,1,1,0.5,hashtag
#zimmerman,#zimmerman,1,0,1,0.0,hashtag
#byebyesoundcloud,#byebyesoundcloud,1,0,1,0.0,hashtag
#ww3,#ww3,1,1,0,1.0,hashtag
#demonization,#demonization,1,1,0,1.0,hashtag
#teamhennessy,#teamhennessy,1,0,1,0.0,hashtag
#nj,#nj,1,0,1,0.0,hashtag
#slab,#slab,1,0,1,0.0,hashtag
#labour,#labour,1,0,1,0.0,hashtag
#labourleadership,#labourleadership,1,0,1,0.0,hashtag
#obliteration,#obliteration,1,0,1,0.0,hashtag
#homosexuality,#homosexuality,1,0,1,0.0,hashtag
#management,#management,1,0,1,0.0,hashtag
#leadership,#leadership,1,0,1,0.0,hashtag
#smallbiz,#smallbiz,1,0,1,0.0,hashtag
#startup,#startup,2,0,2,0.0,hashtag
#sydtraffic,#sydtraffic,1,1,0,1.0,hashtag
#trafficnetwork,#trafficnetwork,1,1,0,1.0,hashtag
#ksbynews,#ksbynews,1,1,0,1.0,hashtag
#osi2016,#osi2016,1,1,0,1.0,hashtag
#losangelestimes,#losangelestimes,1,1,0,1.0,hashtag
#latimes,#latimes,1,1,0,1.0,hashtag
#kamloops,#kamloops,1,1,0,1.0,hashtag
#legionnairesdisease,#legionnairesdisease,1,1,0,1.0,hashtag
#muhamadjabal,#muhamadjabal,1,1,0,1.0,hashtag
#sebee,#sebee,1,1,0,1.0,hashtag
#losangeles,#losangeles,1,1,0,1.0,hashtag
#check,#check,1,1,0,1.0,hashtag
#pandemonium,#pandemonium,2,1,1,0.5,hashtag
#copalibertadores,#copalibertadores,1,0,1,0.0,hashtag
#bennycapricon,#bennycapricon,1,0,1,0.0,hashtag
#shestooyoung,#shestooyoung,1,0,1,0.0,hashtag
#cumshot,#cumshot,1,0,1,0.0,hashtag
#porno,#porno,1,0,1,0.0,hashtag
#justaguess,#justaguess,1,0,1,0.0,hashtag
#deals_uk,#deals_uk,1,0,1,0.0,hashtag
#autismawareness,#autismawareness,1,0,1,0.0,hashtag
#troubleonmymind,#troubleonmymind,1,0,1,0.0,hashtag
#natsnation,#natsnation,1,0,1,0.0,hashtag
#dream,#dream,1,0,1,0.0,hashtag
#magic,#magic,1,0,1,0.0,hashtag
#linden,#linden,1,0,1,0.0,hashtag
#hs2,#hs2,1,0,1,0.0,hashtag
#romanticsuspense,#romanticsuspense,1,0,1,0.0,hashtag
#breaking411,#breaking411,1,1,0,1.0,hashtag
#smartnews,#smartnews,1,1,0,1.0,hashtag
#bayonets,#bayonets,1,0,1,0.0,hashtag
#evilempire,#evilempire,1,0,1,0.0,hashtag
#jadehelm15,#jadehelm15,1,0,1,0.0,hashtag
#pp15000266818,#pp15000266818,1,0,1,0.0,hashtag
#shooting,#shooting,1,1,0,1.0,hashtag
#police,#police,1,1,0,1.0,hashtag
#8217,#8217,1,1,0,1.0,hashtag
#helpme,#helpme,1,0,1,0.0,hashtag
#facebook,#facebook,1,0,1,0.0,hashtag
#strategy,#strategy,1,0,1,0.0,hashtag
#onlinecommunities,#onlinecommunities,3,1,2,0.3333333333333333,hashtag
#reddit,#reddit,4,2,2,0.5,hashtag
#amageddon,#amageddon,2,1,1,0.5,hashtag
#freespeech,#freespeech,2,1,1,0.5,hashtag
#technews,#technews,1,0,1,0.0,hashtag
#puledo_tech_update,#puledo_tech_update,1,0,1,0.0,hashtag
#content,#content,1,1,0,1.0,hashtag
#policy,#policy,1,1,0,1.0,hashtag
#bangalore,#bangalore,1,0,1,0.0,hashtag
#startups,#startups,1,0,1,0.0,hashtag
#in,#in,1,0,1,0.0,hashtag
#wired,#wired,1,0,1,0.0,hashtag
#cc,#cc,1,0,1,0.0,hashtag
#bluehand,#bluehand,1,1,0,1.0,hashtag
#sejorg,#sejorg,1,1,0,1.0,hashtag
#radiation,#radiation,2,0,2,0.0,hashtag
#procedures,#procedures,1,0,1,0.0,hashtag
#06,#06,1,0,1,0.0,hashtag
#24,#24,1,0,1,0.0,hashtag
#09,#09,1,0,1,0.0,hashtag
#iwk,#iwk,1,0,1,0.0,hashtag
#gloucester,#gloucester,1,1,0,1.0,hashtag
#capeann,#capeann,1,1,0,1.0,hashtag
#seagulls,#seagulls,1,1,0,1.0,hashtag
#triciaoneill,#triciaoneill,1,1,0,1.0,hashtag
#triciaoneillphoto,#triciaoneillphoto,1,1,0,1.0,hashtag
#lucky,#lucky,1,0,1,0.0,hashtag
#newrelease,#newrelease,1,0,1,0.0,hashtag
#people,#people,1,1,0,1.0,hashtag
#killed,#killed,1,1,0,1.0,hashtag
#rainstorm,#rainstorm,1,1,0,1.0,hashtag
#italian,#italian,1,1,0,1.0,hashtag
#alps,#alps,1,1,0,1.0,hashtag
#castle,#castle,1,0,1,0.0,hashtag
#deadgrassandflowers,#deadgrassandflowers,1,1,0,1.0,hashtag
#tafs,#tafs,1,1,0,1.0,hashtag
#fb100,#fb100,1,1,0,1.0,hashtag
#sandiego,#sandiego,4,4,0,1.0,hashtag
#gn,#gn,1,1,0,1.0,hashtag
#northerncalifornia,#northerncalifornia,1,1,0,1.0,hashtag
#zippednews,#zippednews,2,1,1,0.5,hashtag
#dutton,#dutton,2,1,1,0.5,hashtag
#abbott,#abbott,1,0,1,0.0,hashtag
#lnp,#lnp,1,0,1,0.0,hashtag
#choppergate,#choppergate,1,0,1,0.0,hashtag
#bronwynbishop,#bronwynbishop,1,0,1,0.0,hashtag
#retweet,#retweet,1,1,0,1.0,hashtag
#christianvalues,#christianvalues,1,0,1,0.0,hashtag
#syrian,#syrian,1,0,1,0.0,hashtag
#wedding,#wedding,1,0,1,0.0,hashtag
#age,#age,1,0,1,0.0,hashtag
#presser,#presser,1,1,0,1.0,hashtag
#kelbytomlinson,#kelbytomlinson,1,0,1,0.0,hashtag
#animalrescue,#animalrescue,7,0,7,0.0,hashtag
#newbeginningsanimalrescue,#newbeginningsanimalrescue,1,0,1,0.0,hashtag
#ppact,#ppact,1,0,1,0.0,hashtag
#psychrewatch,#psychrewatch,1,0,1,0.0,hashtag
#summervibes,#summervibes,1,0,1,0.0,hashtag
#pitmix,#pitmix,1,0,1,0.0,hashtag
#rescued,#rescued,1,0,1,0.0,hashtag
#brixton,#brixton,1,0,1,0.0,hashtag
#banksy,#banksy,1,0,1,0.0,hashtag
#happy,#happy,1,0,1,0.0,hashtag
#mybabies,#mybabies,1,0,1,0.0,hashtag
#skyrim,#skyrim,1,0,1,0.0,hashtag
#enkelbiljett,#enkelbiljett,1,0,1,0.0,hashtag
#menolippu,#menolippu,1,0,1,0.0,hashtag
#c4news,#c4news,2,1,1,0.5,hashtag
#childhooddefined,#childhooddefined,1,0,1,0.0,hashtag
#roddypiperautos,#roddypiperautos,1,1,0,1.0,hashtag
#riot,#riot,3,0,3,0.0,hashtag
#blowmandyup,#blowmandyup,3,0,3,0.0,hashtag
#menswear,#menswear,1,0,1,0.0,hashtag
#urbanfashion,#urbanfashion,1,0,1,0.0,hashtag
#hyperbole,#hyperbole,1,1,0,1.0,hashtag
#saintsfc,#saintsfc,1,1,0,1.0,hashtag
#rio2016,#rio2016,1,1,0,1.0,hashtag
#loveislove,#loveislove,1,0,1,0.0,hashtag
#baltimore,#baltimore,2,1,1,0.5,hashtag
#rioting,#rioting,2,1,1,0.5,hashtag
#yahistorical,#yahistorical,2,1,1,0.5,hashtag
#undergroundrailraod,#undergroundrailraod,2,1,1,0.5,hashtag
#163,#163,1,1,0,1.0,hashtag
#bhramabull,#bhramabull,1,1,0,1.0,hashtag
#nffc,#nffc,1,1,0,1.0,hashtag
#don,#don,1,1,0,1.0,hashtag
#uknews,#uknews,1,1,0,1.0,hashtag
#crazyideascollege,#crazyideascollege,1,0,1,0.0,hashtag
#360wisenews,#360wisenews,4,2,2,0.5,hashtag
#forbes,#forbes,1,1,0,1.0,hashtag
#europe,#europe,1,1,0,1.0,hashtag
#forbesasia,#forbesasia,1,1,0,1.0,hashtag
#p2,#p2,1,0,1,0.0,hashtag
#tnn,#tnn,1,1,0,1.0,hashtag
#roimentor,#roimentor,1,1,0,1.0,hashtag
#yycwalks,#yycwalks,1,1,0,1.0,hashtag
#mta,#mta,1,0,1,0.0,hashtag
#sorrybutitstrue,#sorrybutitstrue,1,0,1,0.0,hashtag
#minions,#minions,1,0,1,0.0,hashtag
#zaatari,#zaatari,1,1,0,1.0,hashtag
#cedarglade2015,#cedarglade2015,1,0,1,0.0,hashtag
#fierce,#fierce,1,1,0,1.0,hashtag
#addtexastonext1dtour,#addtexastonext1dtour,1,0,1,0.0,hashtag
#funnydadcoach,#funnydadcoach,1,0,1,0.0,hashtag
#idols,#idols,1,0,1,0.0,hashtag
#22days,#22days,1,0,1,0.0,hashtag
#wdym,#wdym,1,0,1,0.0,hashtag
#nochilllukehammings,#nochilllukehammings,1,1,0,1.0,hashtag
#thankyou,#thankyou,1,0,1,0.0,hashtag
#gabon,#gabon,3,3,0,1.0,hashtag
#somalia,#somalia,5,4,1,0.8,hashtag
#oil,#oil,3,0,3,0.0,hashtag
#gas,#gas,1,0,1,0.0,hashtag
#cyber,#cyber,1,0,1,0.0,hashtag
#ey,#ey,1,0,1,0.0,hashtag
#japì_n,#japì_n,4,4,0,1.0,hashtag
#maps,#maps,1,0,1,0.0,hashtag
#kml,#kml,1,0,1,0.0,hashtag
#seismic,#seismic,1,0,1,0.0,hashtag
#offshore,#offshore,1,0,1,0.0,hashtag
#oilandgas,#oilandgas,1,1,0,1.0,hashtag
#gif,#gif,1,1,0,1.0,hashtag
#funny,#funny,2,1,1,0.5,hashtag
#comedy,#comedy,1,1,0,1.0,hashtag
#ifunny,#ifunny,1,1,0,1.0,hashtag
#image,#image,1,1,0,1.0,hashtag
#occasion2b,#occasion2b,1,1,0,1.0,hashtag
#fdny,#fdny,1,1,0,1.0,hashtag
#brooklyn,#brooklyn,1,1,0,1.0,hashtag
#yonews,#yonews,2,2,0,1.0,hashtag
#accidentalprophecy,#accidentalprophecy,1,0,1,0.0,hashtag
#piling,#piling,1,0,1,0.0,hashtag
#algeria,#algeria,1,1,0,1.0,hashtag
#lomasvisto,#lomasvisto,1,1,0,1.0,hashtag
#cadenadeseguidores,#cadenadeseguidores,1,1,0,1.0,hashtag
#mtsalert,#mtsalert,1,1,0,1.0,hashtag
#priorities,#priorities,1,0,1,0.0,hashtag
#tna,#tna,1,0,1,0.0,hashtag
#destinationimpact,#destinationimpact,1,0,1,0.0,hashtag
#goodbye,#goodbye,1,0,1,0.0,hashtag
#sinking,#sinking,1,0,1,0.0,hashtag
#twins,#twins,1,0,1,0.0,hashtag
#tribe,#tribe,1,1,0,1.0,hashtag
#wishlist,#wishlist,1,0,1,0.0,hashtag
#horror,#horror,1,1,0,1.0,hashtag
#liveonstreamate,#liveonstreamate,1,0,1,0.0,hashtag
#askh3cz,#askh3cz,1,0,1,0.0,hashtag
#millcityio,#millcityio,1,1,0,1.0,hashtag
#20150613,#20150613,1,1,0,1.0,hashtag
#sirensicebreaker,#sirensicebreaker,1,0,1,0.0,hashtag
#abc7eyewitness,#abc7eyewitness,1,0,1,0.0,hashtag
#hometownglory,#hometownglory,1,0,1,0.0,hashtag
#painting,#painting,1,0,1,0.0,hashtag
#aoms,#aoms,3,2,1,0.6666666666666666,hashtag
#ibooklove,#ibooklove,3,2,1,0.6666666666666666,hashtag
#bookboost,#bookboost,3,2,1,0.6666666666666666,hashtag
#southdowns,#southdowns,2,1,1,0.5,hashtag
#hampshire,#hampshire,2,1,1,0.5,hashtag
#tree,#tree,2,1,1,0.5,hashtag
#treeporn,#treeporn,2,1,1,0.5,hashtag
#growingupincolorado,#growingupincolorado,1,1,0,1.0,hashtag
#amssummer,#amssummer,1,1,0,1.0,hashtag
#treescape,#treescape,1,0,1,0.0,hashtag
#lakeeffect,#lakeeffect,1,1,0,1.0,hashtag
#snowstorm,#snowstorm,1,1,0,1.0,hashtag
#rome,#rome,1,0,1,0.0,hashtag
#gamefeed,#gamefeed,1,0,1,0.0,hashtag
#videogame,#videogame,1,0,1,0.0,hashtag
#property,#property,1,1,0,1.0,hashtag
#eventspalmbeach,#eventspalmbeach,1,1,0,1.0,hashtag
#sportinggoods,#sportinggoods,1,0,1,0.0,hashtag
#twcnews,#twcnews,1,1,0,1.0,hashtag
#ncwx,#ncwx,1,1,0,1.0,hashtag
#nasa,#nasa,1,1,0,1.0,hashtag
#stretcher,#stretcher,1,0,1,0.0,hashtag
#foot,#foot,1,1,0,1.0,hashtag
#adjust,#adjust,1,1,0,1.0,hashtag
#shape,#shape,1,1,0,1.0,hashtag
#shoe,#shoe,1,1,0,1.0,hashtag
#preventative,#preventative,1,0,1,0.0,hashtag
#cts,#cts,1,0,1,0.0,hashtag
#stopevictions,#stopevictions,1,1,0,1.0,hashtag
#bestnaijamade,#bestnaijamade,6,6,0,1.0,hashtag
#homs,#homs,1,1,0,1.0,hashtag
#grupdates,#grupdates,1,1,0,1.0,hashtag
#mercados,#mercados,2,2,0,1.0,hashtag
#tripoli,#tripoli,1,1,0,1.0,hashtag
#saudiarabia,#saudiarabia,1,1,0,1.0,hashtag
#deai,#deai,1,1,0,1.0,hashtag
#premonitions,#premonitions,2,2,0,1.0,hashtag
#kppolice,#kppolice,1,1,0,1.0,hashtag
#kuwait,#kuwait,1,1,0,1.0,hashtag
#investing,#investing,1,0,1,0.0,hashtag
#money,#money,2,0,2,0.0,hashtag
#trading,#trading,2,0,2,0.0,hashtag
#forex,#forex,2,0,2,0.0,hashtag
#gold,#gold,1,0,1,0.0,hashtag
#silver,#silver,1,0,1,0.0,hashtag
#tootrue,#tootrue,1,0,1,0.0,hashtag
#thomassmonson,#thomassmonson,1,0,1,0.0,hashtag
#lds,#lds,1,0,1,0.0,hashtag
#mormon,#mormon,1,0,1,0.0,hashtag
#books,#books,2,1,1,0.5,hashtag
#teamsurvivors,#teamsurvivors,1,0,1,0.0,hashtag
#zombiefunrun2014,#zombiefunrun2014,1,0,1,0.0,hashtag
#autoinsurance,#autoinsurance,2,1,1,0.5,hashtag
#healthinsurance,#healthinsurance,1,1,0,1.0,hashtag
#driverlesscars,#driverlesscars,1,0,1,0.0,hashtag
#markets,#markets,1,0,1,0.0,hashtag
#holomua,#holomua,1,0,1,0.0,hashtag
#makinmemories,#makinmemories,1,0,1,0.0,hashtag
#otd,#otd,1,1,0,1.0,hashtag
#chronicillness,#chronicillness,1,0,1,0.0,hashtag
#mylifestory,#mylifestory,1,0,1,0.0,hashtag
#nuclearweapons,#nuclearweapons,1,1,0,1.0,hashtag
#coppednews,#coppednews,1,1,0,1.0,hashtag
#lungcancer,#lungcancer,1,0,1,0.0,hashtag
#nuke,#nuke,1,1,0,1.0,hashtag
#shanghai,#shanghai,1,0,1,0.0,hashtag
#cubs,#cubs,1,1,0,1.0,hashtag
#truth,#truth,7,4,3,0.5714285714285714,hashtag
#god,#god,7,4,3,0.5714285714285714,hashtag
#quran,#quran,7,4,3,0.5714285714285714,hashtag
#lies,#lies,7,4,3,0.5714285714285714,hashtag
#politics,#politics,2,1,1,0.5,hashtag
#newsarama,#newsarama,1,0,1,0.0,hashtag
#anti,#anti,1,0,1,0.0,hashtag
#act,#act,1,0,1,0.0,hashtag
#metrofmtalk,#metrofmtalk,3,0,3,0.0,hashtag
#elections,#elections,1,1,0,1.0,hashtag
#achedin,#achedin,1,1,0,1.0,hashtag
#bethlehem,#bethlehem,1,1,0,1.0,hashtag
#palestinians,#palestinians,2,2,0,1.0,hashtag
#udhampuragain,#udhampuragain,1,1,0,1.0,hashtag
#traitor,#traitor,1,1,0,1.0,hashtag
#keepingtheviginaclean,#keepingtheviginaclean,1,0,1,0.0,hashtag
#dfir,#dfir,1,0,1,0.0,hashtag
#threatintel,#threatintel,1,0,1,0.0,hashtag
#drones,#drones,1,0,1,0.0,hashtag
#privacy,#privacy,1,0,1,0.0,hashtag
#bhusa,#bhusa,1,0,1,0.0,hashtag
#playingnow,#playingnow,1,0,1,0.0,hashtag
#bloodbound,#bloodbound,1,0,1,0.0,hashtag
#gander,#gander,1,1,0,1.0,hashtag
#nlwx,#nlwx,1,1,0,1.0,hashtag
#joestrong,#joestrong,1,0,1,0.0,hashtag
#gokitgo,#gokitgo,1,0,1,0.0,hashtag
#thunder,#thunder,4,2,2,0.5,hashtag
#soothmyslumber,#soothmyslumber,1,0,1,0.0,hashtag
#watermeloann,#watermeloann,1,0,1,0.0,hashtag
#populardemand,#populardemand,1,0,1,0.0,hashtag
#she,#she,1,0,1,0.0,hashtag
#back,#back,1,0,1,0.0,hashtag
#oklahoma,#oklahoma,1,0,1,0.0,hashtag
#nba,#nba,1,0,1,0.0,hashtag
#durant,#durant,1,0,1,0.0,hashtag
#usnwsgov,#usnwsgov,3,3,0,1.0,hashtag
#skywarn,#skywarn,1,1,0,1.0,hashtag
#thunderstorm,#thunderstorm,3,3,0,1.0,hashtag
#ar,#ar,2,2,0,1.0,hashtag
#nc,#nc,2,2,0,1.0,hashtag
#ok,#ok,2,2,0,1.0,hashtag
#vivaargentina,#vivaargentina,1,0,1,0.0,hashtag
#lightningstrike,#lightningstrike,1,1,0,1.0,hashtag
#helsinki,#helsinki,1,1,0,1.0,hashtag
#tornadogiveaway,#tornadogiveaway,1,0,1,0.0,hashtag
#thebookclub,#thebookclub,1,0,1,0.0,hashtag
#pod,#pod,1,1,0,1.0,hashtag
#quotes,#quotes,1,0,1,0.0,hashtag
#jamaica,#jamaica,1,1,0,1.0,hashtag
#chile,#chile,2,0,2,0.0,hashtag
#newsdict,#newsdict,1,0,1,0.0,hashtag
#nz,#nz,1,0,1,0.0,hashtag
#hugomatz,#hugomatz,1,0,1,0.0,hashtag
#nissannews,#nissannews,1,1,0,1.0,hashtag
#ptsdchat,#ptsdchat,2,1,1,0.5,hashtag
#gravitychat,#gravitychat,1,0,1,0.0,hashtag
#marijuana,#marijuana,2,0,2,0.0,hashtag
#ptsd,#ptsd,1,0,1,0.0,hashtag
#hempoil,#hempoil,1,0,1,0.0,hashtag
#cannabis,#cannabis,1,0,1,0.0,hashtag
#childhood,#childhood,1,1,0,1.0,hashtag
#trauma,#trauma,1,1,0,1.0,hashtag
#foamed,#foamed,1,0,1,0.0,hashtag
#foamcc,#foamcc,1,0,1,0.0,hashtag
#survivors,#survivors,1,0,1,0.0,hashtag
#oneborn,#oneborn,1,0,1,0.0,hashtag
#traumatised,#traumatised,2,0,2,0.0,hashtag
#snapchatselfie,#snapchatselfie,1,0,1,0.0,hashtag
#wrongperson,#wrongperson,1,0,1,0.0,hashtag
#varagesale,#varagesale,1,0,1,0.0,hashtag
#thebargain,#thebargain,1,0,1,0.0,hashtag
#fartanxiety,#fartanxiety,1,0,1,0.0,hashtag
#prez,#prez,1,1,0,1.0,hashtag
#nopower,#nopower,1,1,0,1.0,hashtag
#thanku,#thanku,3,1,2,0.3333333333333333,hashtag
#bbshelli,#bbshelli,1,0,1,0.0,hashtag
#banking,#banking,1,1,0,1.0,hashtag
#bitcoing,#bitcoing,1,1,0,1.0,hashtag
#blockchain,#blockchain,1,1,0,1.0,hashtag
#sing,#sing,2,0,2,0.0,hashtag
#tsunami,#tsunami,2,0,2,0.0,hashtag
#computer,#computer,2,0,2,0.0,hashtag
#oktxduo,#oktxduo,1,0,1,0.0,hashtag
#iheartradio,#iheartradio,1,0,1,0.0,hashtag
#toosoon,#toosoon,1,0,1,0.0,hashtag
#toronto,#toronto,2,1,1,0.5,hashtag
#twisterlovesshania,#twisterlovesshania,1,0,1,0.0,hashtag
#breaking144,#breaking144,1,1,0,1.0,hashtag
#acenewsdesk,#acenewsdesk,1,1,0,1.0,hashtag
#abcnews,#abcnews,1,1,0,1.0,hashtag
#thegame,#thegame,2,0,2,0.0,hashtag
#elderly,#elderly,1,0,1,0.0,hashtag
#companionship,#companionship,1,0,1,0.0,hashtag
#care,#care,1,0,1,0.0,hashtag
#chester,#chester,1,0,1,0.0,hashtag
#sydney,#sydney,1,0,1,0.0,hashtag
#aus,#aus,1,0,1,0.0,hashtag
#ferguson,#ferguson,1,1,0,1.0,hashtag
#orcot,#orcot,1,0,1,0.0,hashtag
#orpol,#orpol,1,0,1,0.0,hashtag
#travel,#travel,1,1,0,1.0,hashtag
#stormchase,#stormchase,2,2,0,1.0,hashtag
#amsterdam,#amsterdam,2,2,0,1.0,hashtag
#badchoices,#badchoices,1,1,0,1.0,hashtag
#bantrophyhunting,#bantrophyhunting,1,1,0,1.0,hashtag
#aogashima,#aogashima,1,1,0,1.0,hashtag
#volcano,#volcano,2,2,0,1.0,hashtag
#perspective,#perspective,1,1,0,1.0,hashtag
#csismica,#csismica,1,1,0,1.0,hashtag
#cityofmemphis,#cityofmemphis,1,0,1,0.0,hashtag
#littlewomenla,#littlewomenla,1,0,1,0.0,hashtag
#worldwatchesferguson,#worldwatchesferguson,1,1,0,1.0,hashtag
#professional,#professional,1,1,0,1.0,hashtag
#help,#help,1,1,0,1.0,hashtag
#terror,#terror,1,1,0,1.0,hashtag
#cameroon,#cameroon,1,1,0,1.0,hashtag
#whitehouse,#whitehouse,1,1,0,1.0,hashtag
#es,#es,1,1,0,1.0,hashtag
#fr,#fr,1,1,0,1.0,hashtag
#nigeria,#nigeria,1,1,0,1.0,hashtag
#de,#de,1,1,0,1.0,hashtag
#au,#au,1,1,0,1.0,hashtag
#jp,#jp,1,1,0,1.0,hashtag
#insanelimits,#insanelimits,1,0,1,0.0,hashtag
#plugin,#plugin,1,0,1,0.0,hashtag
#mandela,#mandela,1,0,1,0.0,hashtag
#ineedexposure,#ineedexposure,1,0,1,0.0,hashtag
#uswarcrimes,#uswarcrimes,1,1,0,1.0,hashtag
#ojoubot,#ojoubot,1,0,1,0.0,hashtag
#gaming,#gaming,1,0,1,0.0,hashtag
#tv,#tv,1,0,1,0.0,hashtag
#battlefield,#battlefield,1,1,0,1.0,hashtag
#billings,#billings,2,2,0,1.0,hashtag
#rapidcity,#rapidcity,2,2,0,1.0,hashtag
#cheyenne,#cheyenne,2,2,0,1.0,hashtag
#bookmobile,#bookmobile,1,0,1,0.0,hashtag
#libraries,#libraries,1,0,1,0.0,hashtag
#reading,#reading,1,0,1,0.0,hashtag
#bigbrother,#bigbrother,1,0,1,0.0,hashtag
#ch4,#ch4,1,0,1,0.0,hashtag
#finsup,#finsup,1,0,1,0.0,hashtag
#mantra,#mantra,1,0,1,0.0,hashtag
#whirlwind,#whirlwind,2,1,1,0.5,hashtag
#remymarcel,#remymarcel,1,0,1,0.0,hashtag
#frofrofro,#frofrofro,1,0,1,0.0,hashtag
#drained,#drained,1,1,0,1.0,hashtag
#titania,#titania,1,0,1,0.0,hashtag
#cantwaittoplayinminneapolis,#cantwaittoplayinminneapolis,1,0,1,0.0,hashtag
#picthis,#picthis,1,0,1,0.0,hashtag
#snooker,#snooker,1,1,0,1.0,hashtag
#fires,#fires,1,1,0,1.0,hashtag
#wild,#wild,1,1,0,1.0,hashtag
#sanonofre,#sanonofre,1,1,0,1.0,hashtag
#foxdebatequestions,#foxdebatequestions,1,1,0,1.0,hashtag
#profittothepeople,#profittothepeople,1,1,0,1.0,hashtag
#fingerrockfire,#fingerrockfire,1,1,0,1.0,hashtag
#azwx,#azwx,1,1,0,1.0,hashtag
#idfire,#idfire,4,4,0,1.0,hashtag
#vail,#vail,1,0,1,0.0,hashtag
#smem,#smem,1,1,0,1.0,hashtag
#firenews,#firenews,1,1,0,1.0,hashtag
#wa,#wa,1,1,0,1.0,hashtag
#utfire,#utfire,1,1,0,1.0,hashtag
#lancaster,#lancaster,1,1,0,1.0,hashtag
#helicopter,#helicopter,1,1,0,1.0,hashtag
#firefighting,#firefighting,1,1,0,1.0,hashtag
#oregon,#oregon,1,1,0,1.0,hashtag
#easternoregon,#easternoregon,1,1,0,1.0,hashtag
#calwildfires,#calwildfires,1,1,0,1.0,hashtag
#galvnews,#galvnews,1,0,1,0.0,hashtag
#nook,#nook,1,0,1,0.0,hashtag
#thebachelorette,#thebachelorette,1,0,1,0.0,hashtag
#wzbt,#wzbt,1,0,1,0.0,hashtag
#txlege,#txlege,1,0,1,0.0,hashtag
#twia,#twia,1,0,1,0.0,hashtag
#trump,#trump,2,0,2,0.0,hashtag
#hardball,#hardball,1,0,1,0.0,hashtag
#windstorm,#windstorm,1,1,0,1.0,hashtag
#besafe,#besafe,1,1,0,1.0,hashtag
#datingtips,#datingtips,1,0,1,0.0,hashtag
#goodreads,#goodreads,1,0,1,0.0,hashtag
#nomorehandouts,#nomorehandouts,1,0,1,0.0,hashtag
#kindlecountdown,#kindlecountdown,1,0,1,0.0,hashtag
#sale,#sale,2,0,2,0.0,hashtag
#mfrwauthor,#mfrwauthor,1,0,1,0.0,hashtag
#mgtab,#mgtab,1,0,1,0.0,hashtag
#an247,#an247,1,1,0,1.0,hashtag
#client,#client,1,1,0,1.0,hashtag
#kerricktrial,#kerricktrial,5,2,3,0.4,hashtag
#jonathanferrell,#jonathanferrell,2,1,1,0.5,hashtag
#kashmir,#kashmir,2,2,0,1.0,hashtag
#endoccupation,#endoccupation,1,1,0,1.0,hashtag
#endconflict,#endconflict,1,1,0,1.0,hashtag
#freekashmir,#freekashmir,1,1,0,1.0,hashtag
#kashmirconflict,#kashmirconflict,1,1,0,1.0,hashtag
#twcnewsclt,#twcnewsclt,1,1,0,1.0,hashtag
#bishopfred,#bishopfred,1,0,1,0.0,hashtag
#neverforget,#neverforget,1,0,1,0.0,hashtag
#artectura,#artectura,1,0,1,0.0,hashtag
#pop2015,#pop2015,1,0,1,0.0,hashtag
#nå¼36,#nå¼36,1,0,1,0.0,hashtag
#playlist,#playlist,1,0,1,0.0,hashtag
#shoalstraffic,#shoalstraffic,1,1,0,1.0,hashtag
#najibrazak,#najibrazak,1,1,0,1.0,hashtag
#malaysiaairlines,#malaysiaairlines,1,1,0,1.0,hashtag
#thatswhatfriendsarefor,#thatswhatfriendsarefor,1,0,1,0.0,hashtag
#residualincome,#residualincome,1,0,1,0.0,hashtag
#mlm,#mlm,1,0,1,0.0,hashtag
#wrecked,#wrecked,1,0,1,0.0,hashtag
#topnews,#topnews,1,0,1,0.0,hashtag
#whoops,#whoops,1,0,1,0.0,hashtag
#fx,#fx,1,0,1,0.0,hashtag
#explodingkittens,#explodingkittens,1,0,1,0.0,hashtag
#tnwx,#tnwx,1,1,0,1.0,hashtag
#nws,#nws,1,1,0,1.0,hashtag
#bathandnortheastsomerset,#bathandnortheastsomerset,1,1,0,1.0,hashtag
#la,#la,1,1,0,1.0,hashtag
